player_id,salary,season_id
281,30453805,4
259,20907128,4
184,19948799,4
428,19752645,4
77,19444503,4
377,19285850,4
407,19067500,4
137,19067500,4
353,18673000,4
208,18668431,4
443,17832626,4
482,17632688,4
258,17177795,4
490,16889000,4
319,16790345,4
43,16500000,4
223,16460538,4
398,15300000,4
235,14968250,4
387,14693906,4
277,14487500,4
15,14275000,4
165,14107492,4
197,13891359,4
461,13701250,4
404,13668750,4
265,13668750,4
161,13668750,4
312,13668750,4
301,13604188,4
12,13500000,4
341,13500000,4
89,13200000,4
222,13200000,4
435,13058606,4
46,13000000,4
54,13000000,4
351,12744000,4
72,12500000,4
425,12439675,4
446,12350000,4
297,12000000,4
267,12000000,4
128,12000000,4
127,11566265,4
322,11100000,4
226,11046591,4
421,11000000,4
383,11000000,4
153,10986550,4
262,10924138,4
534,10890000,4
380,10850000,4
20,10164000,4
344,10059750,4
111,10000000,4
427,10000000,4
271,10000000,4
224,9779349,4
336,9682435,4
367,9638554,4
394,9439000,4
179,9300500,4
108,9000000,4
382,8700000,4
25,8646364,4
385,8603633,4
444,8600000,4
150,8500000,4
434,8500000,4
415,8500000,4
31,8477437,4
283,8385000,4
368,8374646,4
133,8374646,4
437,8368182,4
313,8289130,4
430,8287500,4
34,8083000,4
175,8060000,4
431,8000000,4
419,8000000,4
335,8000000,4
349,8000000,4
275,7900000,4
191,7750000,4
39,7727500,4
9,7727280,4
121,7727280,4
824,7595600,4
17,7525000,4
408,7505786,4
168,7500000,4
232,7459925,4
129,7415730,4
285,7372000,4
395,7148600,4
19,6764045,4
102,6750000,4
264,6698565,4
16,6687400,4
829,6665000,4
142,6505320,4
299,6500000,4
14,6400000,4
567,6400000,4
441,6250000,4
188,6200000,4
104,6100000,4
251,6091363,4
468,6050000,4
296,6000000,4
76,6000000,4
63,5930414,4
359,5820417,4
325,5799625,4
413,5750000,4
369,5600000,4
114,5486250,4
726,5475113,4
207,5400000,4
451,5375760,4
214,5293080,4
139,5250825,4
178,5250000,4
406,5248750,4
338,5225000,4
772,5220000,4
361,5150000,4
317,5144280,4
481,5104000,4
93,5100000,4
51,5000000,4
396,5000000,4
101,5000000,4
384,5000000,4
203,5000000,4
365,5000000,4
69,5000000,4
400,5000000,4
5,4899293,4
739,4847586,4
52,4837200,4
797,4818000,4
274,4809840,4
113,4809840,4
49,4794192,4
75,4792332,4
640,4763760,4
152,4753320,4
138,4600000,4
263,4590338,4
6,4508504,4
397,4500000,4
332,4500000,4
123,4493500,4
309,4340000,4
103,4319280,4
465,4319280,4
314,4285560,4
593,4278000,4
536,4250000,4
66,4250000,4
146,4200000,4
167,4106000,4
770,4099920,4
86,4059000,4
100,4054055,4
118,4020000,4
194,4000000,4
311,4000000,4
305,4000000,4
308,4000000,4
23,4000000,4
378,4000000,4
126,4000000,4
193,4000000,4
10,4000000,4
559,4000000,4
429,3958742,4
287,3944000,4
300,3900000,4
143,3894240,4
371,3880800,4
695,3857040,4
74,3800000,4
120,3741120,4
199,3726600,4
21,3630000,4
347,3563600,4
247,3524880,4
366,3500000,4
210,3500000,4
136,3500000,4
354,3500000,4
59,3500000,4
298,3500000,4
213,3500000,4
166,3500000,4
115,3480453,4
512,3480000,4
132,3374640,4
205,3374640,4
399,3344250,4
370,3340920,4
278,3300000,4
67,3270000,4
29,3250000,4
151,3250000,4
329,3243000,4
239,3229050,4
323,3217680,4
180,3183000,4
449,3179493,4
87,3140429,4
479,3135000,4
124,3090000,4
82,3090000,4
439,3090000,4
84,3065040,4
260,3055259,4
130,3049920,4
217,3013512,4
252,3006217,4
228,3000000,4
147,3000000,4
276,3000000,4
91,3000000,4
125,3000000,4
527,3000000,4
340,2958077,4
455,2947800,4
411,2934610,4
62,2900000,4
832,2858057,4
412,2819044,4
290,2812006,4
189,2806452,4
315,2798040,4
452,2761114,4
523,2750000,4
454,2709720,4
390,2678640,4
32,2674852,4
307,2652000,4
192,2627400,4
231,2626473,4
198,2585668,4
392,2575000,4
253,2575000,4
463,2574120,4
346,2568360,4
291,2563320,4
30,2544529,4
8,2500000,4
94,2500000,4
401,2445480,4
248,2433077,4
243,2400000,4
828,2400000,4
445,2356320,4
460,2350820,4
41,2339040,4
141,2323200,4
321,2300000,4
163,2277306,4
471,2250000,4
497,2246400,4
181,2240450,4
423,2238360,4
440,2227333,4
122,2225000,4
302,2222160,4
83,2207040,4
170,2126520,4
345,2111160,4
225,2111160,4
295,2100500,4
342,2096760,4
362,2091840,4
45,2090000,4
177,2083042,4
61,2067880,4
778,2062800,4
28,2050000,4
85,2016000,4
157,2005560,4
234,1991760,4
818,1990000,4
81,1987320,4
7,1975000,4
254,1957000,4
156,1900000,4
288,1892280,4
289,1823280,4
356,1809840,4
241,1809840,4
456,1794872,4
420,1793520,4
496,1679914,4
148,1679408,4
469,1675000,4
293,1674641,4
723,1645440,4
196,1633440,4
266,1630800,4
2,1622617,4
373,1618680,4
448,1567500,4
18,1563120,4
190,1550000,4
183,1545840,4
447,1500000,4
719,1500000,4
73,1500000,4
493,1500000,4
414,1500000,4
212,1500000,4
201,1485000,4
334,1482000,4
273,1475106,4
711,1467840,4
561,1442880,4
623,1409040,4
562,1404960,4
110,1400000,4
424,1399507,4
742,1399507,4
805,1399507,4
357,1399507,4
350,1365720,4
379,1361400,4
310,1361400,4
402,1352181,4
360,1352181,4
202,1311240,4
416,1306920,4
134,1300000,4
240,1300000,4
174,1276560,4
337,1260360,4
40,1254720,4
261,1234320,4
237,1232713,4
303,1204560,4
244,1200000,4
107,1198680,4
44,1191240,4
488,1174080,4
135,1160040,4
453,1156320,4
694,1149000,4
38,1146337,4
438,1129200,4
393,1121520,4
195,1112880,4
679,1110840,4
364,1110120,4
752,1106941,4
743,1106941,4
489,1089240,4
256,1085120,4
80,1082520,4
95,1074720,4
219,1074720,4
145,1073280,4
753,1071720,4
525,1069509,4
515,1069509,4
546,1054389,4
316,1054000,4
131,1042320,4
760,1033342,4
806,1029389,4
11,1020960,4
26,1000000,4
551,1000000,4
418,992680,4
216,992680,4
284,962195,4
155,916099,4
403,916099,4
154,910941,4
57,888250,4
249,885120,4
557,885120,4
185,885120,4
803,885120,4
409,884293,4
24,884293,4
79,884293,4
352,884293,4
176,884293,4
64,884293,4
389,884293,4
844,884293,4
215,884293,4
106,870000,4
789,855189,4
811,854389,4
783,854389,4
532,854389,4
473,854389,4
531,854389,4
732,854389,4
821,854389,4
737,854389,4
825,854389,4
229,854389,4
487,854389,4
518,854389,4
799,854389,4
779,854389,4
450,854389,4
543,854389,4
795,854389,4
777,854389,4
410,854389,4
480,854389,4
781,854389,4
549,854389,4
775,854389,4
200,854389,4
48,854389,4
556,854389,4
782,854389,4
554,854389,4
464,854389,4
830,854389,4
521,854389,4
544,854389,4
478,854389,4
282,854389,4
171,854389,4
186,854389,4
164,854389,4
268,854389,4
542,854389,4
541,854389,4
539,854389,4
842,854389,4
173,854389,4
721,854389,4
218,854389,4
767,854389,4
545,854389,4
759,854389,4
50,854389,4
530,854389,4
498,854389,4
802,854389,4
333,854389,4
762,854389,4
505,854389,4
376,854389,4
511,854389,4
513,854389,4
524,854389,4
47,854389,4
514,854389,4
372,854389,4
426,854389,4
475,854389,4
794,854389,4
520,854389,4
22,854389,4
785,854389,4
53,854389,4
206,854389,4
500,854389,4
272,854389,4
754,854389,4
363,854389,4
221,854389,4
35,854389,4
159,854389,4
97,854389,4
764,854389,4
467,850000,4
339,839312,4
552,830000,4
474,826828,4
792,825497,4
826,825497,4
747,825497,4
833,825497,4
780,825497,4
738,825497,4
796,825497,4
784,825497,4
65,809875,4
817,799105,4
485,792377,4
98,792377,4
405,788872,4
845,788872,4
839,788872,4
841,788872,4
391,788872,4
169,788872,4
849,788872,4
116,788872,4
286,788872,4
246,788872,4
835,788872,4
823,780871,4
459,773976,4
90,773976,4
499,771706,4
112,762195,4
526,762195,4
533,762195,4
547,762195,4
535,762195,4
843,762195,4
810,762195,4
568,762195,4
1,762195,4
508,762195,4
548,762195,4
88,762195,4
56,762195,4
355,762195,4
501,762195,4
187,762195,4
555,762195,4
509,762195,4
42,762195,4
550,762195,4
238,762195,4
270,762195,4
492,762195,4
745,708640,4
162,698589,4
831,679821,4
566,668434,4
117,665000,4
741,650686,4
758,633253,4
227,600491,4
280,582995,4
269,550000,4
327,550000,4
348,542788,4
242,532737,4
788,524964,4
144,512633,4
326,502581,4
687,490180,4
729,490180,4
494,475000,4
306,473604,4
838,473604,4
160,473604,4
422,473604,4
381,473604,4
624,473604,4
834,473604,4
60,473604,4
330,473604,4
92,473604,4
220,473604,4
724,473604,4
255,473604,4
476,473604,4
105,473604,4
466,473604,4
374,473604,4
328,473604,4
230,473604,4
36,473604,4
722,473604,4
58,473604,4
320,473604,4
3,473604,4
472,473604,4
119,473604,4
279,473604,4
294,473604,4
506,473604,4
766,457588,4
209,402065,4
814,402065,4
37,390027,4
553,374300,4
358,346781,4
331,281376,4
458,264527,4
516,261829,4
4,261343,4
560,252016,4
257,244710,4
70,239588,4
507,234268,4
715,226162,4
495,220487,4
751,211084,4
763,208802,4
827,201033,4
529,190548,4
55,185955,4
233,170878,4
442,169340,4
304,163500,4
149,156234,4
565,151585,4
204,144867,4
292,135697,4
522,104494,4
27,103121,4
250,94154,4
540,75793,4
470,75793,4
245,75387,4
462,72892,4
457,68902,4
68,68902,4
432,61467,4
109,61467,4
483,48232,4
182,47360,4
631,44835,4
793,40375,4
517,38194,4
713,35868,4
324,27859,4
71,27859,4
502,22287,4
755,20103,4
281,23500000,6
259,7974482,6
184,306876,6
428,23180790,6
77,22458401,6
377,7128000,6
407,20644400,6
137,20644400,6
353,15000000,6
208,20068563,6
443,18995624,6
482,18862876,6
258,19754465,6
319,5305000,6
43,16500000,6
223,19317326,6
398,3251000,6
235,12289544,6
387,15719062,6
15,9714461,6
165,7000000,6
197,15829688,6
461,17674613,6
404,15719062,6
265,14898938,6
161,14898938,6
312,15719063,6
301,14846888,6
12,16006000,6
341,13500000,6
89,4500000,6
222,2077000,6
435,2077000,6
46,12972973,6
54,13000000,6
351,15012000,6
72,12500000,6
425,6792500,6
446,12350000,6
297,4250000,6
267,12000000,6
128,915243,6
127,12000000,6
322,12700000,6
226,7097191,6
421,12909090,6
383,8360000,6
153,11440123,6
380,11765500,6
20,915243,6
111,11500000,6
427,11250000,6
271,12000000,6
224,3326235,6
336,10105855,6
367,10361446,6
394,10854850,6
179,9701000,6
382,8491500,6
25,915243,6
385,9500000,6
444,2732000,6
150,915243,6
434,3965074,6
415,3878896,6
31,274573,6
283,9200000,6
368,8374646,6
133,8374646,6
437,9704545,6
313,9410869,6
430,7000000,6
34,2000000,6
175,915243,6
431,53838,6
419,4500000,6
335,4800000,6
349,8000000,6
275,7900000,6
191,7500000,6
9,8579089,6
121,10434782,6
17,8575000,6
408,8694216,6
168,7500000,6
232,14746000,6
129,8000000,6
285,2077000,6
19,7707865,6
102,6792500,6
264,4051527,6
16,915243,6
142,7245640,6
299,5305000,6
14,915243,6
567,8579088,6
441,6250000,6
188,2732000,6
104,915243,6
468,7000000,6
296,6900000,6
76,195440,6
63,6757913,6
359,14728844,6
325,6601125,6
413,12000000,6
369,4994420,6
114,5958750,6
207,6300000,6
451,7070730,6
214,3278000,6
139,11265416,6
178,6037500,6
406,5200000,6
338,5450000,6
361,5381750,6
317,5607240,6
51,915243,6
396,2077000,6
101,4650000,6
384,6253521,6
203,5850313,6
365,5450000,6
69,5450000,6
5,6124729,6
52,12100000,6
274,6331404,6
113,5016960,6
49,4382576,6
640,4978200,6
152,12950000,6
6,4868499,6
397,7500000,6
332,4500000,6
123,909859,6
309,2732000,6
103,4505280,6
465,5694674,6
314,915243,6
593,4470480,6
536,2077000,6
66,4250000,6
146,3657500,6
167,3150000,6
86,2732000,6
100,3445947,6
118,8000000,6
194,4000000,6
311,2750000,6
305,5381750,6
308,4000000,6
23,1145685,6
378,3200000,6
126,6500000,6
10,2077000,6
429,10629213,6
287,9250000,6
300,4150000,6
143,5138430,6
371,14746000,6
695,4030560,6
74,3800000,6
120,4660479,6
199,4062000,6
21,915243,6
347,9000000,6
247,915243,6
366,3000000,6
210,915243,6
354,4025000,6
59,915243,6
298,3500000,6
115,3793693,6
132,3678360,6
205,3678360,6
399,10100000,6
278,4831461,6
29,3396250,6
151,2915908,6
329,4702500,6
323,5479934,6
180,3326235,6
449,8000000,6
87,4650000,6
479,1227985,6
82,3368100,6
439,3911981,6
84,3340920,6
260,3326235,6
130,3873398,6
217,3013512,6
252,3457149,6
228,915243,6
147,3000000,6
276,3000000,6
91,3000000,6
125,3250000,6
340,53838,6
455,981084,6
411,3282056,6
62,387632,6
290,2500000,6
189,6515510,6
315,3049920,6
452,3898692,6
454,14746000,6
390,3553917,6
32,9904495,6
307,5305000,6
231,13000000,6
198,2242003,6
392,915243,6
253,1227985,6
463,15937290,6
346,3272091,6
291,2793960,6
30,11595506,6
8,3000000,6
94,3278000,6
401,915243,6
248,8000000,6
243,915243,6
445,2568360,6
460,5000000,6
41,915243,6
141,1082000,6
163,915243,6
423,2439840,6
122,4205000,6
302,3075880,6
83,981084,6
170,2317920,6
345,3034356,6
225,2202000,6
295,2000000,6
342,5831326,6
362,2989239,6
45,716043,6
177,915243,6
61,107676,6
28,2213668,6
157,915243,6
234,11000000,6
81,2943221,6
254,2873750,6
156,4797664,6
288,981084,6
289,1987320,6
356,1887840,6
241,2894059,6
456,1794871,6
420,2751260,6
148,5375000,6
196,2616975,6
266,7191011,6
2,1768653,6
448,915243,6
18,1703760,6
190,6000000,6
183,2380594,6
447,269189,6
73,1828750,6
414,915243,6
201,1618680,6
334,1545840,6
711,981084,6
561,107676,6
623,1472400,6
424,1448490,6
357,915243,6
379,1483920,6
310,1483920,6
202,2249768,6
416,1424520,6
240,1370000,6
337,2204369,6
261,3146068,6
303,1312920,6
244,1250000,6
44,6400000,6
453,915243,6
694,1200720,6
38,915243,6
438,2038206,6
393,150591,6
195,2008748,6
679,1160880,6
364,1210080,6
256,3842105,6
80,1129200,6
95,1120920,6
219,2023261,6
145,1169880,6
316,2000000,6
131,1136160,6
11,1112880,6
26,1090000,6
418,2077000,6
216,5000000,6
284,915243,6
403,742962,6
154,861405,6
57,14700000,6
249,5000000,6
557,196217,6
185,2442455,6
409,915243,6
24,915243,6
79,635827,6
352,710659,6
176,981084,6
389,5700000,6
215,948163,6
106,9000000,6
732,1316809,6
450,3000000,6
480,769881,6
200,53838,6
48,915243,6
464,5285817,6
542,915243,6
541,915243,6
721,1310286,6
50,1276061,6
47,1145685,6
53,1310286,6
272,107676,6
159,3250000,6
97,183049,6
467,915243,6
405,915243,6
391,915243,6
169,915243,6
286,915243,6
246,915243,6
90,5305000,6
88,403784,6
56,948163,6
355,967500,6
187,7238606,6
42,948163,6
492,816482,6
117,915243,6
227,915243,6
280,915243,6
327,915243,6
326,1448490,6
687,816482,6
729,816482,6
306,2732000,6
422,915243,6
381,2000000,6
624,816482,6
60,915243,6
92,3333333,6
255,183049,6
466,915243,6
230,1662961,6
36,236886,6
722,816482,6
119,915243,6
294,3135000,6
331,915243,6
70,2077000,6
55,409167,6
233,414551,6
304,1227985,6
27,2433333,6
432,948163,6
109,948163,6
182,816482,6
324,915243,6
436,21436271,6
13,6000000,6
656,5563920,6
697,5510640,6
622,5305000,6
690,4930560,6
698,4797664,6
996,4427640,6
663,3992040,6
596,3649920,6
637,3615000,6
613,3315120,6
614,3283320,6
634,3278000,6
570,3026280,6
632,2997360,6
683,2963232,6
594,2772480,6
597,2745840,6
710,2548560,6
574,2524200,6
707,2421000,6
681,2397840,6
580,2300040,6
691,2277960,6
603,2184960,6
734,2090000,6
685,2075760,6
655,2055840,6
661,1971960,6
606,1953120,6
586,1873200,6
659,1855320,6
660,1790281,6
701,1762680,6
589,1762680,6
628,1706225,6
653,1690680,6
662,1674480,6
677,1650000,6
652,1606080,6
587,1590720,6
674,1533840,6
672,1519200,6
433,1500000,6
676,1500000,6
620,1458360,6
386,1448490,6
705,1413480,6
667,1400040,6
601,1357080,6
670,1344120,6
646,1302840,6
638,1290360,6
673,1250640,6
636,1250000,6
626,1238640,6
682,1189200,6
664,1149720,6
730,1145685,6
684,1127400,6
651,1112280,6
649,1109760,6
731,1104240,6
643,1100000,6
675,1093680,6
627,1000000,6
615,948163,6
236,915243,6
585,884879,6
604,884879,6
696,884879,6
576,880000,6
658,862000,6
1195,820000,6
598,816842,6
702,816482,6
573,816482,6
686,816482,6
736,816482,6
599,816482,6
619,816482,6
648,816482,6
733,816482,6
720,816482,6
654,816482,6
571,816482,6
609,816482,6
735,816482,6
704,816482,6
700,816482,6
572,816482,6
708,816482,6
581,816482,6
610,816482,6
671,816482,6
644,725000,6
211,702756,6
657,700000,6
688,633974,6
665,600000,6
641,507336,6
588,507336,6
692,507336,6
617,507336,6
592,507336,6
616,507336,6
611,507336,6
647,507336,6
642,507336,6
666,507336,6
591,507336,6
1194,507336,6
612,507336,6
1126,507336,6
630,507336,6
709,507336,6
582,507336,6
595,507336,6
639,507336,6
680,507336,6
699,507336,6
888,507336,6
600,507336,6
706,495399,6
584,486446,6
618,468540,6
693,379010,6
375,344036,6
703,283367,6
633,241731,6
678,235762,6
689,199950,6
575,167122,6
625,134295,6
602,96056,6
621,96056,6
668,92514,6
607,59686,6
605,59686,6
577,59686,6
590,48028,6
583,48028,6
669,29843,6
645,29483,6
281,30453805,5
259,22721381,5
184,21679893,5
428,21466718,5
77,21388953,5
377,19285850,5
407,19067500,5
137,19067500,5
353,18673000,5
208,18668431,5
443,17832627,5
482,17632688,5
258,18466130,5
490,1000000,5
319,15333334,5
43,18238333,5
223,17888932,5
398,15300000,5
235,12868632,5
387,14693906,5
277,14487500,5
15,14275000,5
165,7500000,5
197,14860523,5
461,16441500,5
404,14693906,5
265,14283844,5
161,14283844,5
312,14693906,5
301,14100538,5
12,14878000,5
341,13500000,5
222,13500000,5
435,249683,5
46,14000000,5
54,13000000,5
351,13878000,5
72,12500000,5
425,6500000,5
446,12350000,5
297,12000000,5
267,12000000,5
128,473357,5
127,12433735,5
322,11100000,5
226,6791570,5
421,11954545,5
383,8000000,5
153,10986550,5
380,11295250,5
20,11046000,5
111,11862500,5
427,10750000,5
271,12000000,5
224,3183000,5
336,10105855,5
367,10361446,5
394,10146925,5
179,9300500,5
382,8308500,5
25,9316796,5
385,9500000,5
150,8500000,5
434,2652000,5
415,884293,5
31,8727437,5
283,8700000,5
368,8374646,5
133,8374646,5
437,9036364,5
313,8850000,5
430,7500000,5
34,7583000,5
175,8580000,5
419,244489,5
335,3183000,5
349,8000000,5
275,7900000,5
191,7500000,5
9,7727280,5
121,7727280,5
17,8050000,5
408,8600001,5
168,7500000,5
232,7459925,5
129,7550000,5
285,884293,5
19,7235955,5
102,6500000,5
264,3700748,5
16,52017,5
142,6875480,5
299,6500000,5
567,6400000,5
441,6250000,5
188,884293,5
104,1265977,5
468,6500000,5
296,6450000,5
63,6344164,5
359,13701250,5
325,6204250,5
413,6210000,5
369,1106942,5
114,5722500,5
207,6300000,5
451,5607240,5
214,6679867,5
139,11796247,5
178,5643750,5
406,5200000,5
338,5225000,5
361,5150000,5
317,5375760,5
396,5000000,5
101,5000000,5
384,6760563,5
203,5625313,5
365,5225000,5
69,5225000,5
5,5904261,5
52,12100000,5
274,5016960,5
113,4809840,5
49,4588384,5
640,4763760,5
152,6008196,5
6,4508504,5
397,4702500,5
332,4500000,5
123,4687000,5
309,4340000,5
103,4319280,5
465,4505280,5
314,884293,5
593,4278000,5
536,884293,5
66,4250000,5
146,3500000,5
167,3000000,5
86,4059000,5
100,3750000,5
118,8000000,5
194,4000000,5
311,4420000,5
305,5150000,5
308,4000000,5
23,4000000,5
378,1027424,5
126,6500000,5
10,4000000,5
429,9887642,5
287,10000000,5
300,3900000,5
143,4062000,5
371,4916974,5
695,3857040,5
74,3800000,5
120,3678358,5
199,3894240,5
21,3945000,5
347,3500000,5
247,4469548,5
366,650215,5
210,188438,5
354,3762500,5
59,3250000,5
298,3500000,5
115,3637073,5
132,3526440,5
205,3526440,5
399,9500000,5
370,3340920,5
278,4494383,5
67,3270000,5
29,3250000,5
151,2790343,5
329,5000000,5
239,3229050,5
323,4086454,5
180,3183000,5
449,7655503,5
87,4400000,5
82,3229050,5
439,3180000,5
84,3202920,5
260,3183000,5
130,3049920,5
217,2897976,5
252,3231683,5
228,3060000,5
147,3000000,5
276,3000000,5
91,3135000,5
125,3250000,5
340,947907,5
455,3749602,5
411,3150000,5
290,634610,5
189,5565000,5
315,2923920,5
452,2761114,5
454,3452183,5
390,2793960,5
32,9713484,5
231,2626474,5
198,2585668,5
253,2690875,5
463,3282003,5
346,2568360,5
291,2678640,5
30,10786517,5
8,3000000,5
94,2500000,5
401,884293,5
248,8000000,5
243,884293,5
445,2465400,5
460,2350820,5
41,239279,5
141,884293,5
321,884293,5
163,947907,5
423,2339040,5
122,2225000,5
302,2317920,5
83,3153860,5
170,2222160,5
345,2202000,5
225,2111160,5
295,4000000,5
342,3105302,5
362,2091840,5
45,2180000,5
177,2652000,5
61,1600000,5
28,2050000,5
157,547570,5
234,3053368,5
81,1987320,5
254,2750000,5
156,1900000,5
288,387995,5
289,1905360,5
356,1809840,5
241,1887840,5
456,1660257,5
420,1793520,5
148,1399507,5
293,1750000,5
196,1703760,5
266,2511432,5
2,1695635,5
373,1618680,5
18,1633440,5
190,1550000,5
183,1545840,5
447,1600000,5
719,884293,5
73,1750000,5
414,1500000,5
212,1500000,5
201,1551840,5
334,1482000,5
711,635880,5
561,797545,5
623,1409040,5
110,1463000,5
424,1399507,5
357,1399507,5
379,1422720,5
310,1422720,5
202,1367640,5
416,1365720,5
240,1330000,5
337,1260360,5
261,2225479,5
303,1258800,5
244,1200000,5
107,2162419,5
44,2150188,5
135,1210080,5
453,46404,5
694,1149000,5
438,1129200,5
393,1169880,5
195,1112880,5
679,740560,5
364,1160040,5
256,1133950,5
80,1082520,5
95,1074720,5
219,1120920,5
145,1121520,5
316,884293,5
131,1089240,5
11,1066920,5
26,1045000,5
418,2016000,5
216,5000000,5
403,916099,5
154,951463,5
57,926500,5
249,5000000,5
185,2557545,5
409,884293,5
24,884293,5
79,702233,5
176,884293,5
389,884293,5
215,884293,5
106,1005000,5
732,29788,5
450,884293,5
48,410936,5
464,5058198,5
186,1375604,5
164,275691,5
542,884293,5
721,13958,5
50,947907,5
376,2000000,5
47,104034,5
53,69792,5
272,2016000,5
159,3250000,5
467,875500,5
405,788872,5
391,788872,5
169,171696,5
246,788872,5
90,884293,5
56,15605,5
355,900000,5
187,884293,5
42,556584,5
270,884293,5
117,788872,5
227,788872,5
280,660619,5
327,788872,5
326,57627,5
687,490180,5
729,490180,5
306,788872,5
422,9281,5
381,788872,5
624,473604,5
60,719266,5
92,788872,5
255,788872,5
466,788872,5
230,1591350,5
36,788872,5
722,490180,5
119,788872,5
294,3000000,5
331,788872,5
70,788872,5
55,48854,5
233,884293,5
304,306037,5
149,104028,5
27,884293,5
457,68902,5
432,884293,5
109,884293,5
713,52017,5
324,788872,5
436,20513178,5
13,6000000,5
656,5324280,5
596,3492720,5
613,3172320,5
570,2895960,5
594,2653080,5
710,2438760,5
707,2316720,5
580,2200920,5
603,2090880,5
734,2000000,5
685,1986360,5
661,1887120,5
586,1792560,5
653,1348200,5
677,490180,5
652,1536960,5
674,1467840,5
433,1500000,5
676,1500000,5
386,8232,5
705,1352640,5
601,1298640,5
646,1246680,5
673,1196760,5
636,1200000,5
730,660619,5
684,1078800,5
651,1064400,5
731,1056720,5
627,490180,5
236,884293,5
576,490180,5
658,825000,5
598,570515,5
702,524616,5
573,490180,5
686,98036,5
736,510000,5
599,500000,5
619,138404,5
733,490180,5
720,490180,5
654,490180,5
571,158588,5
609,490180,5
735,77852,5
704,490180,5
700,700000,5
572,535000,5
708,490180,5
581,490180,5
610,490180,5
671,300000,5
688,490180,5
602,490180,5
621,54785,5
590,544000,5
158,2500000,5
712,1388400,5
343,947907,5
728,500000,5
281,25000000,7
259,8333334,7
184,947276,7
428,261894,7
77,22875000,7
377,7448760,7
407,22192730,7
137,22970500,7
353,20000000,7
208,21468695,7
443,20158622,7
482,20093064,7
258,5378974,7
319,3376000,7
43,9638555,7
223,12403101,7
235,11710456,7
387,16744218,7
15,10151612,7
165,2814000,7
197,19688000,7
461,18907726,7
404,19689000,7
265,15514031,7
161,15592217,7
312,19689000,7
301,13000000,7
12,19689000,7
341,13500000,7
222,947276,7
435,2170465,7
46,13800000,7
54,13000000,7
351,2085671,7
72,13437500,7
425,200600,7
446,12250000,7
297,1000000,7
267,12000000,7
127,8500000,7
322,13400000,7
226,7402812,7
421,9500000,7
383,10300000,7
153,19689000,7
380,13125306,7
20,947276,7
111,1362897,7
427,1270964,7
271,1499187,7
336,10105855,7
367,5250000,7
394,14000000,7
382,8500000,7
385,18671659,7
444,4345000,7
150,7000000,7
434,2100000,7
415,4053446,7
31,947276,7
283,9650000,7
368,2139000,7
133,9213483,7
437,289755,7
313,11235955,7
430,7000000,7
175,947276,7
419,1449187,7
335,5016000,7
349,8000000,7
275,7900000,7
191,8000000,7
39,947276,7
9,8193030,7
121,11217391,7
17,200600,7
408,9588426,7
168,14783000,7
232,15851950,7
129,8500000,7
285,2170465,7
19,947276,7
102,7085000,7
264,947276,7
16,3300000,7
142,16407500,7
299,6110034,7
567,8193029,7
188,947276,7
468,12000000,7
296,3000000,7
76,306527,7
63,10449438,7
359,15756438,7
325,947276,7
413,12000000,7
369,5219169,7
114,947276,7
726,947276,7
207,6300000,7
451,16407501,7
214,3425510,7
139,10734586,7
178,245177,7
406,5200000,7
338,5675000,7
361,5613500,7
317,7070730,7
396,2170465,7
101,250750,7
384,5746479,7
203,947276,7
365,7000000,7
69,5675000,7
5,12650000,7
52,12100000,7
274,4000000,7
113,6331404,7
49,947276,7
640,5192520,7
152,12000000,7
6,2900000,7
397,7500000,7
332,5000000,7
123,4290000,7
309,2854940,7
103,5694674,7
465,16407500,7
314,1100602,7
593,4662960,7
66,4375000,7
146,3815000,7
86,2854940,7
100,295327,7
118,8000000,7
194,4300000,7
311,2750000,7
305,273038,7
308,4000000,7
23,1270964,7
378,3344000,7
126,6500000,7
10,2170465,7
429,11370786,7
287,9756250,7
300,4000000,7
143,14260870,7
371,15851950,7
695,4204200,7
74,2500000,7
120,12700000,7
199,5138430,7
21,947276,7
347,4000000,7
366,3000000,7
354,10000000,7
59,1320000,7
298,947276,7
115,3950313,7
132,4660482,7
205,981348,7
399,10050000,7
278,5158539,7
29,3542500,7
329,8229375,7
323,16407500,7
180,4500000,7
449,8344497,7
87,4950000,7
82,5500000,7
439,4088019,7
84,4236287,7
260,947276,7
130,2814000,7
252,2814000,7
228,4050000,7
147,7700000,7
91,3000000,7
340,947276,7
455,8042895,7
290,2500000,7
189,5000000,7
315,3873398,7
452,2814000,7
454,15409570,7
390,13500000,7
32,10595507,7
307,5543725,7
231,13500000,7
198,3750000,7
463,17120106,7
346,12000000,7
291,3553917,7
30,211744,7
8,3135000,7
94,4300000,7
401,1100602,7
248,8000000,7
243,2250000,7
445,3272091,7
460,4775000,7
41,874837,7
163,2836186,7
423,3110796,7
122,4394225,7
302,15501000,7
83,6980802,7
170,3075880,7
345,9463484,7
225,3034356,7
342,6268675,7
362,8000000,7
45,2850000,7
177,1500000,7
61,1164858,7
28,10522500,7
157,2144772,7
81,5000000,7
254,6060606,7
156,5013559,7
288,1100602,7
289,2943221,7
356,2894059,7
241,16407500,7
456,1100602,7
420,11250000,7
148,5000000,7
196,8988765,7
266,7730337,7
18,2616975,7
190,6270000,7
183,16000000,7
447,947276,7
73,111444,7
414,947276,7
201,2489530,7
334,2380593,7
711,4389607,7
561,55722,7
623,1535880,7
379,2288205,7
310,2288205,7
202,11235955,7
416,2569260,7
337,13913044,7
261,3382023,7
303,981348,7
44,6600000,7
453,947276,7
694,1252440,7
38,947276,7
438,3036927,7
393,1015421,7
195,16407500,7
679,1210800,7
364,167406,7
256,3578947,7
80,2038206,7
219,7000000,7
145,2109294,7
316,2000000,7
11,2008748,7
26,4500000,7
418,5000000,7
216,5464000,7
154,947276,7
57,15361500,7
249,206192,7
557,1100602,7
185,13600000,7
409,239605,7
24,222888,7
176,1100602,7
389,5500000,7
215,1015421,7
106,9000000,7
450,3000000,7
480,981348,7
48,2500000,7
782,2814000,7
542,947276,7
50,4000000,7
333,947276,7
47,1270964,7
272,947276,7
159,2139000,7
467,14260870,7
391,3750000,7
246,981348,7
90,5543725,7
88,1636842,7
355,1035000,7
187,6912869,7
117,981348,7
227,6796117,7
269,55722,7
327,3533333,7
242,1015421,7
306,2854940,7
381,2000000,7
624,947276,7
92,3333333,7
466,14700000,7
230,947726,7
294,1150000,7
766,845059,7
331,6486486,7
70,6500000,7
55,1635476,7
27,2433333,7
109,947276,7
483,1015421,7
182,947276,7
631,981348,7
324,947276,7
436,22359364,7
13,6000000,7
656,947276,7
697,5758680,7
622,5543725,7
690,5152440,7
698,800321,7
996,4626960,7
663,4171680,7
596,3807120,7
637,3777720,7
613,3457800,7
614,3431040,7
634,3425510,7
570,3156600,7
632,3132240,7
683,2836768,7
594,2891760,7
597,2869440,7
710,2658240,7
574,2637720,7
707,2525160,7
681,2505720,7
580,2399040,7
691,2380440,7
603,2279040,7
685,2165160,7
655,2148360,7
661,2056920,7
606,2041080,7
586,1953960,7
659,1938840,7
660,1709719,7
701,1842000,7
589,1842000,7
628,1706225,7
653,1763400,7
662,1749840,7
677,1724250,7
652,1500000,7
587,1662360,7
674,1599840,7
672,1584480,7
620,1524000,7
705,1474440,7
667,1463040,7
601,1415520,7
670,1404600,7
646,1358880,7
638,1348440,7
673,1304520,7
626,1294440,7
682,1242720,7
664,1201440,7
684,1175880,7
651,1160160,7
649,1159680,7
643,1149500,7
675,1142880,7
627,1000000,7
585,845059,7
604,845059,7
696,845059,7
658,947276,7
1195,855000,7
598,947276,7
619,947276,7
648,947276,7
571,947276,7
735,947276,7
704,55722,7
572,947276,7
708,947276,7
581,1147276,7
610,947276,7
671,947276,7
644,845059,7
657,845059,7
665,845059,7
641,845059,7
588,845059,7
692,2050000,7
617,99418,7
592,845059,7
616,845059,7
611,3189794,7
647,845059,7
666,1100000,7
591,49709,7
1194,61776,7
612,845059,7
630,845059,7
595,845059,7
639,258489,7
680,845059,7
699,845059,7
888,525093,7
600,845059,7
375,1185784,7
703,111444,7
633,845059,7
678,845059,7
689,845059,7
575,845059,7
625,845059,7
621,189455,7
668,700902,7
607,845059,7
605,845059,7
577,845059,7
590,947276,7
583,947276,7
645,845059,7
952,1200000,7
878,5703600,7
972,5103120,7
883,4582680,7
877,4131720,7
910,3741480,7
931,3950001,7
929,3398280,7
974,3102240,7
1199,2900000,7
995,2841960,7
914,2612520,7
896,2481720,7
866,2357760,7
897,2239800,7
907,2127840,7
857,2021520,7
957,1920240,7
881,1824360,7
918,1733040,7
859,1646400,7
919,1572360,7
893,1509360,7
861,1449000,7
915,525093,7
913,1391160,7
984,1335480,7
854,1300000,7
887,1282080,7
1192,1276000,7
956,1230840,7
885,1170960,7
993,1155600,7
980,1140240,7
970,1140240,7
968,1131960,7
941,1007026,7
901,1007026,7
946,1000000,7
874,1074169,7
99,200600,7
988,947276,7
869,1000000,7
569,134215,7
979,900000,7
855,650000,7
969,525093,7
924,600000,7
1189,525093,7
986,525093,7
1202,525093,7
943,83397,7
867,625093,7
1191,525093,7
504,845059,7
963,525093,7
1198,525093,7
871,525093,7
916,111196,7
945,525093,7
905,525093,7
971,525093,7
1190,525093,7
934,1148640,7
958,525093,7
937,525093,7
876,525093,7
868,700000,7
985,561716,7
33,1185784,7
717,845059,7
1166,525093,7
1216,525093,7
1197,169883,7
1200,30888,7
281,25244493,3
259,19092873,3
184,18217705,3
428,18038573,3
77,18518574,3
377,18714150,3
407,17545000,3
137,17545000,3
353,15691000,3
208,16359805,3
443,15506632,3
482,6993708,3
258,16359805,3
490,14900000,3
319,15333334,3
43,15200000,3
223,15032144,3
398,13500000,3
235,14718250,3
387,5082416,3
277,12642500,3
15,12325000,3
165,14107492,3
197,12922194,3
461,5731080,3
404,3076983,3
265,3831184,3
161,2588590,3
312,4609701,3
301,13107837,3
12,14000000,3
341,15000000,3
89,11600000,3
222,12400000,3
435,12015904,3
46,12000000,3
54,13000000,3
351,11610000,3
72,12500000,3
425,11519840,3
446,1288200,3
297,8000000,3
267,12498483,3
128,11015850,3
127,21247044,3
322,12000000,3
226,10561982,3
421,10045454,3
383,11000000,3
153,10079404,3
262,10262069,3
534,10890000,3
380,2155365,3
20,9282000,3
344,1059750,3
111,10000000,3
427,2462400,3
271,10000000,3
224,17823000,3
336,9500000,3
367,21164619,3
394,4190182,3
179,11689062,3
108,9000000,3
382,2244601,3
25,8022449,3
385,8603633,3
444,8600000,3
150,8500000,3
434,8500000,3
415,9319000,3
31,7123626,3
283,4455988,3
368,762195,3
133,1857500,3
437,7700000,3
313,8039130,3
430,7500000,3
34,8083000,3
175,7540000,3
431,7305785,3
419,8000000,3
335,14030000,3
349,1540493,3
275,2541000,3
191,7750000,3
39,6790640,3
9,6790640,3
121,7258960,3
824,7595600,3
17,7525000,3
408,6611571,3
168,2108000,3
232,5530080,3
129,1195680,3
285,6925400,3
395,6226200,3
19,6292135,3
102,6750000,3
264,7000000,3
16,6226200,3
829,6665000,3
142,6505320,3
299,4051024,3
14,6300000,3
567,6000000,3
441,762195,3
188,5400000,3
104,6100000,3
251,5971363,3
468,6000000,3
296,4250000,3
76,6262347,3
63,5516664,3
359,4604760,3
325,5395000,3
413,5750000,3
369,3695857,3
114,5486250,3
726,5475113,3
207,5000000,3
451,5144280,3
214,5293080,3
139,5251825,3
178,3001284,3
406,4750000,3
338,5000000,3
772,5220000,3
361,5256000,3
481,4752000,3
93,15032144,3
51,5000000,3
396,4257973,3
101,7807728,3
384,5000000,3
203,11158000,3
365,5176000,3
69,2225093,3
400,5000000,3
5,2862602,3
739,4847586,3
52,4503600,3
797,4818000,3
274,4602720,3
49,5000000,3
75,4403834,3
152,4753320,3
138,4600000,3
263,11227250,3
6,8591793,3
397,241158,3
332,4500000,3
123,4300000,3
309,4060000,3
465,4319280,3
314,4006080,3
536,4000000,3
66,4250000,3
146,2721255,3
167,3823000,3
770,4099920,3
86,8000000,3
100,854389,3
118,5632637,3
194,4000000,3
311,3680000,3
305,2354537,3
308,915852,3
23,2956658,3
378,4000000,3
126,8500000,3
193,4000000,3
10,4000000,3
559,4000000,3
429,3117120,3
287,3944000,3
300,3300000,3
143,3726600,3
371,3880800,3
74,3700000,3
120,3480120,3
21,3630000,3
347,2855760,3
247,3294960,3
366,3236470,3
210,3500000,3
136,3250000,3
354,854389,3
59,854389,3
298,413413,3
213,3900000,3
166,3250000,3
115,7560000,3
512,3480000,3
399,3344250,3
370,3065040,3
278,3150000,3
67,3135000,3
29,1906200,3
151,3250000,3
329,3059000,3
239,10000000,3
323,3007920,3
180,3750000,3
449,2493720,3
87,3343896,3
479,3135000,3
124,10121000,3
439,3000000,3
260,2138040,3
130,2798040,3
252,2027119,3
228,473604,3
147,2203792,3
276,3000000,3
91,3042280,3
125,3500000,3
527,3000000,3
340,1929600,3
455,2755560,3
62,2700000,3
832,2858057,3
412,6750000,3
290,2812006,3
189,2338709,3
452,1680360,3
523,2750000,3
454,2709720,3
390,2563320,3
32,2674852,3
307,3000000,3
192,2446200,3
231,1596360,3
198,3272997,3
392,762195,3
253,2500000,3
463,2406240,3
346,2356320,3
30,1654440,3
8,4250000,3
94,2500000,3
401,2286000,3
248,1579920,3
243,2016692,3
828,2400000,3
460,1294920,3
41,2339040,3
141,2171640,3
321,2000000,3
163,1341960,3
471,2250000,3
497,2246400,3
181,2500000,3
440,1236720,3
122,3700000,3
302,2126520,3
83,2207040,3
345,2111160,3
295,18160355,3
342,1959960,3
362,2005560,3
45,2000000,3
177,1154040,3
61,1145640,3
778,2062800,3
28,7624500,3
85,1516680,3
234,1861920,3
818,1990000,3
81,1823280,3
7,6500000,3
254,3377604,3
156,1455960,3
288,1892280,3
241,1809840,3
456,762195,3
420,1719480,3
496,1679914,3
148,4234000,3
469,1675000,3
293,2911231,3
196,1563120,3
266,1524480,3
2,854389,3
373,1485000,3
448,1567500,3
190,854389,3
183,1418160,3
447,915852,3
719,1500000,3
73,1500000,3
493,1500000,3
414,1500000,3
212,1567500,3
273,854389,3
711,1467840,3
561,1442880,3
562,1404960,3
424,854389,3
742,1399507,3
805,1399507,3
357,21136631,3
350,1365720,3
402,1352181,3
360,1352181,3
202,1254720,3
134,1300000,3
174,1193280,3
337,1156320,3
261,1153800,3
237,854389,3
244,5127720,3
107,1120440,3
44,1113600,3
488,1097520,3
135,1063865,3
38,854389,3
438,1082520,3
393,1121520,3
195,1020960,3
752,1106941,3
743,1106941,3
489,1042320,3
256,213517,3
219,1074720,3
753,1071720,3
525,1069509,3
515,280192,3
546,762195,3
316,1054000,3
760,1033342,3
806,1029389,3
551,1000000,3
418,3400000,3
216,915852,3
284,473604,3
155,1105560,3
403,762195,3
154,522472,3
57,850000,3
249,854389,3
557,885120,3
185,885120,3
803,885120,3
409,248048,3
24,3750000,3
352,500000,3
176,80703,3
64,473604,3
844,884293,3
215,473604,3
106,810000,3
789,855189,3
811,854389,3
783,854389,3
532,854389,3
473,854389,3
531,854389,3
732,854389,3
821,457588,3
737,854389,3
825,854389,3
229,1200000,3
487,854389,3
518,55321,3
799,854389,3
779,854389,3
450,2050000,3
543,854389,3
795,854389,3
777,854389,3
410,854389,3
480,854389,3
781,854389,3
549,854389,3
775,854389,3
200,854389,3
48,7600000,3
556,854389,3
782,854389,3
554,854389,3
464,1728000,3
830,854389,3
521,854389,3
544,854389,3
478,854389,3
282,825497,3
171,6322320,3
186,6442083,3
164,854389,3
268,854389,3
542,854389,3
541,435000,3
539,854389,3
842,854389,3
173,854389,3
721,854389,3
218,420304,3
767,854389,3
545,69393,3
759,854389,3
50,213597,3
530,117134,3
498,854389,3
802,854389,3
333,854389,3
762,854389,3
505,854389,3
376,6226200,3
511,854389,3
513,1223166,3
524,3414720,3
47,199816,3
514,854389,3
372,6500000,3
426,854389,3
475,854389,3
794,854389,3
520,854389,3
22,762195,3
785,854389,3
53,4710000,3
206,854389,3
500,854389,3
272,785487,3
363,3000000,3
221,4776500,3
35,762195,3
159,854389,3
97,1027424,3
764,854389,3
339,854389,3
552,830000,3
474,826828,3
792,825497,3
826,825497,3
747,825497,3
833,825497,3
780,825497,3
738,825497,3
796,825497,3
784,825497,3
65,809875,3
817,799105,3
485,792377,3
98,792377,3
845,788872,3
839,788872,3
841,788872,3
849,788872,3
835,788872,3
823,780871,3
459,2150000,3
90,3500000,3
499,771706,3
112,473604,3
526,22916,3
533,500000,3
547,762195,3
535,64930,3
843,762195,3
810,762195,3
568,473604,3
1,473604,3
508,137498,3
548,473604,3
88,305551,3
56,473604,3
355,473604,3
501,762195,3
187,762195,3
555,535000,3
509,156595,3
42,650000,3
550,11458,3
238,550000,3
270,473604,3
492,473604,3
745,708640,3
162,854389,3
831,679821,3
566,668434,3
741,650686,3
758,633253,3
280,854389,3
348,1097520,3
242,1402540,3
788,524964,3
144,3341558,3
326,220487,3
494,475000,3
838,473604,3
422,473604,3
834,473604,3
476,473604,3
472,473604,3
279,473604,3
506,473604,3
766,457588,3
209,1184750,3
814,402065,3
553,374300,3
331,473604,3
458,1000000,3
516,261829,3
4,2329545,3
560,252016,3
257,254938,3
507,234268,3
715,226162,3
495,220487,3
751,211084,3
763,208802,3
827,201033,3
529,190548,3
55,2763450,3
233,2500000,3
442,804131,3
304,992680,3
149,2001167,3
565,151585,3
292,854389,3
522,104494,3
27,473604,3
250,473604,3
540,75793,3
470,75793,3
245,2246400,3
462,854389,3
457,1243080,3
68,854389,3
432,473604,3
109,160414,3
483,48232,3
793,40375,3
517,38194,3
713,35868,3
502,22287,3
755,20103,3
436,18091770,3
13,2250600,3
433,319128,3
386,8900000,3
730,854389,3
236,854389,3
211,473604,3
375,2500000,3
158,2000032,3
343,1288200,3
99,473604,3
33,1160000,3
140,15076715,3
388,6925400,3
528,6650000,3
564,2180443,3
774,1352181,3
491,854389,3
558,854389,3
417,762195,3
537,762195,3
503,530547,3
563,473604,3
746,196007,3
484,96017,3
486,49966,3
281,23034375,1
259,19795714,1
184,16378325,1
428,14976754,1
77,15779912,1
377,16452000,1
407,15779912,1
137,15779912,1
353,15779912,1
208,13520500,1
443,4796880,1
482,5184480,1
258,13520500,1
490,12500000,1
319,19795712,1
43,16000000,1
223,3280997,1
398,12323900,1
235,12200000,1
387,3755640,1
277,10797500,1
15,10365000,1
165,10728130,1
197,3333333,1
461,4983480,1
404,2255880,1
265,2819880,1
161,1575360,1
312,3401040,1
301,11700000,1
12,5844827,1
341,12000000,1
89,10000000,1
222,10800000,1
435,10130500,1
46,10000000,1
54,10520000,1
351,7000000,1
72,12600000,1
425,9680170,1
446,1120200,1
297,2900000,1
267,4307640,1
128,9000000,1
127,16417044,1
322,2455680,1
226,8219009,1
421,2094923,1
383,11000000,1
153,736420,1
262,8937931,1
534,9000000,1
380,1118760,1
20,14200000,1
344,7650000,1
111,6527491,1
427,1496640,1
271,9075000,1
224,16452000,1
336,9500000,1
367,22183220,1
394,3089040,1
179,13125000,1
108,9000000,1
382,1317120,1
25,6635068,1
385,7692932,1
444,8100000,1
150,1805040,1
434,8860000,1
415,8400000,1
31,4500000,1
283,3516960,1
437,6363636,1
313,2105400,1
430,7500000,1
34,6429151,1
175,6500000,1
431,4743598,1
419,9780970,1
335,10400000,1
349,1081680,1
275,2100000,1
191,1086240,1
39,5854000,1
9,5854000,1
121,5854000,1
824,6031800,1
17,457588,1
408,3883800,1
168,1836000,1
129,1039800,1
285,6031800,1
395,10026875,1
19,10324380,1
102,2839408,1
264,12025694,1
16,4580735,1
829,5800000,1
142,457588,1
299,2332800,1
14,3000004,1
567,1990000,1
188,9780937,1
104,5800000,1
251,4840000,1
468,3941667,1
296,4000000,1
76,4638600,1
63,1255440,1
359,4004160,1
325,13333332,1
413,2034996,1
369,1714800,1
114,2147750,1
726,5000000,1
207,5000000,1
139,3610080,1
178,2035920,1
406,4750000,1
338,9360000,1
772,4500000,1
361,4344000,1
481,12250000,1
93,3910816,1
51,5000000,1
396,3670667,1
101,6730800,1
384,5163636,1
203,9075000,1
365,4972500,1
69,1264440,1
400,11375000,1
5,1745520,1
739,4553793,1
797,4526000,1
49,736420,1
75,4088500,1
263,9150000,1
6,3284667,1
397,9000000,1
332,457588,1
123,1657500,1
309,7100000,1
536,1947240,1
66,1307640,1
146,1658280,1
167,2887165,1
770,3602960,1
86,9500000,1
100,1031000,1
118,4165560,1
194,756000,1
311,6500000,1
305,1429200,1
308,989670,1
23,1934160,1
378,736420,1
126,3000000,1
193,3000000,1
10,4000000,1
559,3892500,1
429,2710560,1
300,2759628,1
74,825497,1
21,3256500,1
347,2483280,1
366,2374680,1
210,1990000,1
136,6031800,1
354,457588,1
59,45759,1
213,4700000,1
166,825497,1
115,5501196,1
512,5250000,1
399,2282640,1
278,2500000,1
67,6939200,1
29,1600000,1
151,825497,1
329,2916120,1
239,18776860,1
180,9780992,1
449,2168520,1
479,2416067,1
124,8100000,1
439,16123250,1
260,1859160,1
252,1050480,1
147,1214040,1
276,3600000,1
91,2143080,1
125,3500000,1
527,6077500,1
340,1677840,1
62,2500000,1
832,2000040,1
412,4000000,1
290,1594080,1
189,6171426,1
523,3000000,1
32,1514280,1
307,825497,1
192,8700000,1
198,6250000,1
392,5383,1
253,1000497,1
30,1438680,1
8,3575761,1
94,1418880,1
248,1373880,1
243,1118520,1
828,2400000,1
321,2800000,1
163,1167000,1
471,2644231,1
497,825497,1
181,3883929,1
440,1075440,1
122,3700000,1
295,14858472,1
45,457588,1
177,1003560,1
61,996240,1
778,2062800,1
28,6000000,1
85,1318920,1
818,1990000,1
7,3000000,1
254,1547640,1
156,1266120,1
496,870000,1
148,3650000,1
469,2112417,1
293,1837560,1
2,4960000,1
448,2500000,1
190,650000,1
719,5361240,1
73,457588,1
414,4330000,1
273,6466600,1
711,1372080,1
424,3682000,1
742,2862000,1
805,925000,1
357,18010791,1
402,738091,1
360,3800000,1
134,1627779,1
237,1500000,1
244,4458840,1
38,1250000,1
752,825497,1
743,825497,1
256,457588,1
753,1071720,1
515,3100000,1
316,850000,1
760,1033342,1
806,736420,1
551,457588,1
418,1000497,1
216,2671440,1
249,725000,1
557,736420,1
185,1009680,1
803,825497,1
409,2183333,1
24,6466600,1
176,88826,1
789,855189,1
811,870968,1
783,8775000,1
473,825497,1
531,2500000,1
821,457588,1
737,95301,1
825,48559,1
229,1050000,1
487,457588,1
799,736420,1
779,1800000,1
450,427316,1
795,825479,1
777,825497,1
410,3780000,1
781,17328,1
549,2300000,1
775,1990000,1
200,457588,1
48,6600000,1
556,6606600,1
782,736420,1
554,1700000,1
464,825497,1
830,1300000,1
521,160244,1
544,12100000,1
478,6217617,1
282,825497,1
171,5854000,1
186,3000000,1
164,825497,1
268,422460,1
542,3945000,1
541,870000,1
539,825497,1
173,1990000,1
721,959111,1
218,6857725,1
767,825497,1
545,6749260,1
759,825497,1
498,269169,1
802,736420,1
333,3630000,1
762,2583360,1
505,6212960,1
376,23016000,1
511,8500000,1
513,3500000,1
524,2969280,1
47,69310,1
514,825497,1
426,10500423,1
475,4254250,1
794,825497,1
520,111685,1
785,186271,1
53,2717161,1
206,6466600,1
500,3413793,1
272,5000000,1
754,825497,1
363,3000000,1
221,7540000,1
97,63127,1
764,7906088,1
339,11047619,1
474,17040000,1
792,825497,1
826,825497,1
747,825497,1
833,825497,1
780,825497,1
738,825497,1
796,825497,1
784,825497,1
817,825497,1
485,825497,1
98,1620000,1
823,725000,1
459,10890000,1
90,228226,1
499,3194400,1
810,457588,1
745,786650,1
162,5300000,1
831,679821,1
566,825497,1
741,650686,1
758,2216160,1
280,736420,1
788,825497,1
144,1362120,1
326,6466600,1
766,457588,1
209,824200,1
814,13392000,1
516,16192080,1
4,5048000,1
257,2060040,1
507,11242666,1
715,40375,1
495,752659,1
751,1900200,1
763,208802,1
827,855189,1
55,855189,1
233,15852511,1
442,1050387,1
304,43703,1
149,1036440,1
565,1030189,1
292,825497,1
470,825497,1
245,3564000,1
462,457588,1
68,825497,1
483,457588,1
793,40375,1
713,113051,1
755,451595,1
436,15202590,1
13,1957080,1
433,4140000,1
386,7500000,1
730,2801198,1
615,47651,1
236,1990000,1
375,118435,1
158,12100000,1
343,1120200,1
749,1576696,1
819,736420,1
33,1766280,1
140,11641095,1
388,6031800,1
528,7500000,1
564,1165320,1
774,21000000,1
491,457588,1
558,22843124,1
503,12115500,1
746,825497,1
484,3000000,1
486,1629120,1
847,16378325,1
837,6600000,1
807,5257229,1
787,5160832,1
776,4350000,1
813,3696000,1
761,2500000,1
790,2314815,1
740,2062800,1
757,2056968,1
786,1867742,1
801,1600000,1
765,1547640,1
756,1107572,1
748,1028880,1
815,945000,1
804,855189,1
768,855189,1
771,825497,1
822,825497,1
809,825497,1
812,736420,1
773,736420,1
750,632455,1
791,597271,1
816,475875,1
808,2692,1
281,24806250,2
259,17278618,2
184,16486611,2
428,16324500,2
77,17149243,2
377,17823000,2
407,14500000,2
137,14500000,2
353,14200000,2
208,14940153,2
443,6053663,2
482,5546160,2
258,14940153,2
490,13700000,2
319,13876321,2
43,17666666,2
223,13603750,2
398,14400000,2
235,12345250,2
387,4017720,2
277,11495000,2
15,11345000,2
165,11854584,2
197,3573333,2
461,5357280,2
404,2413320,2
265,3016680,2
161,1685280,2
312,3638280,2
301,12600000,2
12,11244000,2
341,13000000,2
89,10800000,2
222,11700000,2
435,10973202,2
46,11000000,2
54,11360000,2
351,10800000,2
72,13500000,2
425,10600005,2
446,1204200,2
297,3200000,2
267,5444857,2
128,10215850,2
127,18832044,2
322,3128536,2
226,9000000,2
421,9090911,2
383,11000000,2
153,854389,2
262,9600000,2
534,9945000,2
380,1196760,2
20,8400000,2
344,8453250,2
111,8500000,2
427,1601040,2
271,8287500,2
224,17823000,2
336,10500000,2
367,18835381,2
394,3304560,2
179,10310938,2
108,9000000,2
382,1409040,2
25,7055500,2
385,7600000,2
444,7800000,2
150,2767126,2
434,9300000,2
415,8981000,2
31,6696720,2
283,4455988,2
368,473604,2
133,1721000,2
437,7281818,2
313,2901241,2
430,7262500,2
34,8000000,2
175,7020000,2
431,6611570,2
419,10561960,2
335,11800000,2
349,854389,2
275,2320500,2
191,1959577,2
39,6322320,2
9,6322320,2
121,6322320,2
824,7148800,2
17,762195,2
408,4913077,2
168,1972000,2
232,5144280,2
129,1117680,2
285,6478600,2
395,5765000,2
19,11148760,2
102,7250000,2
264,13428129,2
16,5765000,2
829,6665000,2
142,5765000,2
299,2974320,2
14,3000004,2
567,5200000,2
441,473604,2
188,5000000,2
104,5500000,2
251,5260000,2
468,5000000,2
296,4000000,2
76,4962240,2
63,2130482,2
359,4304520,2
325,14444443,2
413,5750000,2
369,2630503,2
114,1972500,2
726,5475113,2
207,4600000,2
214,4602720,2
139,3880920,2
178,2178000,2
406,4251250,2
338,10800000,2
772,4860000,2
361,4800000,2
481,4400000,2
93,13603750,2
51,5000000,2
396,3964320,2
101,7269264,2
384,5000000,2
203,9873000,2
365,5000000,2
69,1352640,2
400,12500000,2
5,1867320,2
739,4847586,2
52,4275000,2
797,4818000,2
49,854389,2
75,4015334,2
152,4133280,2
138,4995000,2
263,11749832,2
6,7775378,2
397,9000000,2
332,762195,2
123,1815000,2
309,3500000,2
314,3726600,2
536,3750000,2
66,2151068,2
146,1773960,2
167,3540000,2
770,4447792,2
86,9100000,2
100,306575,2
118,4456200,2
194,854389,2
311,4000000,2
305,1528920,2
308,885120,2
23,2069040,2
378,4000000,2
126,3000000,2
193,4250000,2
10,4000000,2
559,4000000,2
429,2913840,2
287,3400000,2
300,3250000,2
371,3374640,2
74,3300000,2
21,3050000,2
347,2669520,2
247,3065040,2
366,2540000,2
210,2149200,2
136,3500000,2
354,130022,2
59,641141,2
213,4300000,2
166,3250000,2
115,7000000,2
512,3000000,2
399,2453880,2
278,3000000,2
67,7354500,2
29,1765000,2
151,3250000,2
329,3875000,2
239,10000000,2
323,2798040,2
180,10561984,2
449,2331120,2
87,3567096,2
479,854389,2
124,8610500,2
439,17522375,2
260,1998600,2
252,1123680,2
147,1298640,2
276,7000000,2
91,2292600,2
125,3500000,2
527,6655000,2
340,1803720,2
455,2563320,2
62,2500000,2
832,2858057,2
412,854389,2
290,1713600,2
189,6757851,2
452,1563120,2
523,3000000,2
454,2356320,2
32,1627920,2
307,885120,2
192,2265000,2
231,1485000,2
198,13270000,2
392,762195,2
253,1028840,2
463,2238360,2
30,1546560,2
8,4250000,2
94,2187913,2
401,2126520,2
248,1476840,2
243,2016692,2
828,2400000,2
460,1204560,2
141,2020200,2
321,854389,2
163,1254480,2
471,2855769,2
497,2080000,2
181,4151786,2
440,1156080,2
122,3700000,2
83,1919160,2
295,15959099,2
342,1823280,2
45,762195,2
177,1078800,2
61,1071000,2
778,2062800,2
28,6900000,2
85,1417800,2
234,1731960,2
818,1990000,2
7,3240000,2
254,2380270,2
156,1361040,2
288,1645440,2
456,473604,2
496,930700,2
148,4533300,2
469,1675000,2
293,1965720,2
266,1418160,2
2,5080000,2
448,2700000,2
190,762195,2
447,130165,2
719,6760524,2
73,762195,2
493,473604,2
414,1146337,2
273,221136,2
711,1467840,2
561,1254720,2
562,1306920,2
424,3976000,2
742,1352181,2
805,1352181,2
357,19573711,2
360,1800000,2
134,1600000,2
174,1110120,2
261,1073280,2
237,211084,2
244,4793280,2
107,1042320,2
44,1035960,2
488,1020960,2
38,1381250,2
752,992680,2
743,992680,2
256,937195,2
753,1071720,2
525,854389,2
515,3300000,2
546,473604,2
316,918000,2
760,1033342,2
806,1029389,2
551,1000000,2
418,3600000,2
216,3398072,2
155,1028400,2
403,133723,2
154,473604,2
249,780871,2
557,854389,2
185,1085400,2
803,885120,2
409,2333333,2
24,6883800,2
176,80703,2
844,25073,2
106,750000,2
789,855189,2
811,854389,2
783,854389,2
473,854389,2
531,2500000,2
732,854389,2
821,457588,2
737,854389,2
825,854389,2
229,1200000,2
487,762195,2
518,762195,2
799,854389,2
779,854389,2
450,2200000,2
543,8967,2
795,854389,2
777,854389,2
410,1400000,2
480,730437,2
781,854389,2
549,2300000,2
775,854389,2
200,762195,2
48,7100000,2
556,854389,2
782,854389,2
554,854389,2
464,1600000,2
830,854389,2
544,14000000,2
478,216110,2
282,825497,2
171,6322320,2
186,5904152,2
164,854389,2
268,854389,2
542,211084,2
541,1087500,2
539,854389,2
842,854389,2
173,2388000,2
721,854389,2
218,7725470,2
767,854389,2
545,7248325,2
759,854389,2
498,112088,2
802,854389,2
333,482478,2
762,854389,2
505,6641440,2
376,5765000,2
511,8500000,2
513,1146337,2
524,3192000,2
47,854389,2
514,854389,2
372,6500000,2
426,11530592,2
475,854389,2
794,854389,2
520,854389,2
22,500000,2
785,854389,2
53,4790000,2
206,6883800,2
500,854389,2
272,4200000,2
363,3000000,2
221,4325000,2
35,473604,2
159,525000,2
97,11679,2
764,854389,2
339,216110,2
552,670000,2
474,18300000,2
792,825497,2
826,825497,2
747,825497,2
833,825497,2
780,825497,2
738,825497,2
796,825497,2
784,825497,2
817,799105,2
485,567917,2
98,1500000,2
845,600000,2
839,25000,2
841,186656,2
849,500000,2
835,473604,2
823,780871,2
459,3000000,2
90,3500000,2
499,4050499,2
547,473604,2
843,473604,2
810,762195,2
501,473604,2
745,708640,2
162,5300000,2
831,679821,2
566,668434,2
741,650686,2
758,633253,2
280,854389,2
348,1020960,2
242,1361400,2
788,524964,2
144,2169857,2
326,6466600,2
838,473604,2
834,473604,2
766,457588,2
209,886000,2
814,402065,2
331,473604,2
516,17730694,2
4,3700000,2
560,473604,2
257,2214480,2
507,854389,2
715,226162,2
495,854389,2
751,211084,2
763,208802,2
827,201033,2
529,473604,2
55,2225000,2
233,16545454,2
442,804131,2
304,992680,2
149,1108680,2
565,1030189,2
292,854389,2
522,473604,2
470,825497,2
245,2080000,2
462,762195,2
457,1156320,2
68,211084,2
109,473604,2
483,515603,2
793,40375,2
713,35868,2
502,22287,2
755,20103,2
436,16647180,2
13,2103840,2
433,4000000,2
386,8200000,2
730,854389,2
615,854389,2
236,168579,2
375,762195,2
158,13150000,2
343,1204200,2
33,1898760,2
140,13358905,2
388,6478600,2
528,6850000,2
564,1246680,2
774,1352181,2
491,457588,2
558,854389,2
417,473604,2
537,473604,2
503,713666,2
746,196007,2
484,3000000,2
486,1629120,2
847,17686100,2
787,5543116,2
790,2500000,2
848,473604,2
846,473604,2
259,25000000,8
428,11000000,8
77,24559380,8
377,15500000,8
407,23741060,8
137,30963450,8
353,23200000,8
208,22868827,8
443,26540100,8
482,21323252,8
258,259526,8
319,3527920,8
43,10361445,8
223,13333333,8
235,11131368,8
387,26540100,8
15,18000000,8
165,14000000,8
197,21165675,8
461,20140839,8
404,21165675,8
265,12385364,8
161,5000000,8
312,21165675,8
301,12415000,8
12,20575005,8
341,10314532,8
46,242224,8
54,2898000,8
351,1551659,8
72,14445313,8
446,12250000,8
297,4000000,8
267,26540100,8
127,8000000,8
322,17000000,8
226,247991,8
421,14000000,8
383,10763500,8
153,21165675,8
380,20869566,8
20,2500000,8
427,1403611,8
271,980431,8
367,6393750,8
394,15050000,8
382,18735364,8
385,20072033,8
444,4540525,8
150,7000000,8
434,2194500,8
415,4227996,8
283,15000000,8
368,11483254,8
133,9904494,8
437,980431,8
313,14153652,8
430,12250000,8
419,1551659,8
349,8000000,8
275,8400000,8
191,12500000,8
39,980431,8
9,7806971,8
121,12000000,8
17,980431,8
408,26540100,8
168,15891725,8
232,16957900,8
129,8950000,8
285,980431,8
102,7377500,8
16,3547000,8
142,17145838,8
299,6348759,8
567,7806971,8
188,3500000,8
468,12000000,8
296,980431,8
76,1403611,8
63,11233146,8
359,26540100,8
413,12000000,8
369,5443918,8
726,980431,8
207,57672,8
451,17638063,8
214,16393443,8
139,10203755,8
406,2898000,8
338,13253012,8
317,22116750,8
396,6000000,8
384,5239437,8
203,980431,8
365,7000000,8
69,11242000,8
5,13219250,8
52,12100000,8
274,115344,8
113,13000000,8
49,2203000,8
640,6552961,8
152,11050000,8
6,5500000,8
397,7000000,8
332,5000000,8
123,4096950,8
309,4000000,8
103,22116750,8
465,17145838,8
314,5628000,8
593,5893981,8
536,980431,8
66,10470000,8
146,1403611,8
167,980431,8
100,980431,8
308,15944154,8
23,3500000,8
378,3488000,8
126,6500000,8
429,12112359,8
287,8550000,8
300,3850000,8
143,15330435,8
371,16957900,8
695,5318313,8
74,346034,8
120,13550000,8
199,2898000,8
347,4000000,8
366,7250000,8
354,10000000,8
59,57672,8
298,980431,8
115,980431,8
132,14382023,8
205,980431,8
399,26540100,8
278,5505618,8
29,242224,8
151,980431,8
329,7612172,8
323,17145838,8
180,4837500,8
449,5000000,8
87,16000000,8
82,10500000,8
439,4264057,8
84,24328425,8
130,17000000,8
252,8070175,8
228,4000000,8
147,8046500,8
91,9424084,8
455,7680965,8
62,5767,8
290,4000000,8
189,12800000,8
315,22116750,8
452,1800000,8
454,16073140,8
390,12606250,8
32,11286518,8
307,5782450,8
231,14000000,8
198,3750000,8
392,980431,8
463,18314532,8
346,12000000,8
291,10000000,8
30,980431,8
8,2500000,8
94,5000000,8
401,7643979,8
248,8800000,8
243,2700000,8
445,22116750,8
460,9250000,8
141,980431,8
163,138414,8
423,11000000,8
122,4583450,8
302,16663575,8
83,6666667,8
170,9213483,8
345,10154495,8
225,6511628,8
295,980431,8
342,6050000,8
362,7400000,8
45,2978250,8
177,6000000,8
61,379159,8
157,2048257,8
234,207722,8
81,4625000,8
254,6333333,8
156,5229454,8
288,1227286,8
289,12517606,8
356,8988765,8
241,17638063,8
456,1227286,8
420,11750000,8
148,980431,8
196,9662922,8
266,8269663,8
18,8000000,8
190,6540000,8
183,17200000,8
447,980431,8
414,980431,8
201,980431,8
334,6088993,8
711,4638203,8
561,980431,8
623,2368327,8
379,576724,8
310,17000000,8
202,12078652,8
416,5628000,8
337,14956522,8
261,3617978,8
303,1050961,8
107,173099,8
44,4347826,8
694,2255644,8
38,276828,8
438,247991,8
195,17552209,8
679,2183072,8
364,1050961,8
256,3578948,8
219,7315000,8
145,12500000,8
11,7400000,8
26,4837500,8
418,5000000,8
216,5709880,8
154,6000000,8
57,22116750,8
185,14200000,8
176,8000000,8
64,1015696,8
389,5300000,8
215,8081363,8
106,4000000,8
450,8000000,8
480,22116750,8
48,4000000,8
542,980431,8
50,980431,8
467,15330435,8
391,3918750,8
246,980431,8
90,5782450,8
499,8000000,8
526,874636,8
568,57672,8
88,6191000,8
355,10991957,8
187,6587132,8
270,543471,8
117,1790092,8
227,6286408,8
269,980431,8
327,3533333,8
306,980431,8
422,980431,8
381,15730338,8
624,115344,8
92,3333334,8
220,874636,8
466,15200000,8
230,980431,8
331,6000000,8
560,115344,8
70,6500000,8
55,980431,8
27,2433334,8
182,1015696,8
324,980431,8
436,23180275,8
13,9000000,8
656,1015696,8
697,6006600,8
622,5782450,8
690,5374320,8
996,4826160,8
663,4351320,8
596,4823621,8
637,3940320,8
613,4384490,8
614,3578880,8
634,3730653,8
570,4008882,8
632,3267120,8
594,3678319,8
597,2993040,8
710,3386598,8
574,2751360,8
707,3219579,8
681,2613600,8
580,3183526,8
691,2483040,8
603,3140517,8
685,3094014,8
655,2240880,8
661,3046299,8
606,2128920,8
586,2995421,8
659,2022240,8
660,1709719,8
701,1921320,8
589,1921320,8
653,2708582,8
662,1825200,8
677,286785,8
587,1733880,8
672,1655880,8
620,1589640,8
705,2348783,8
667,1526040,8
601,2328530,8
670,1465080,8
646,11241218,8
638,1406520,8
673,2281605,8
626,1350120,8
682,1296240,8
684,2121288,8
651,75000,8
649,1209600,8
643,980431,8
675,1192080,8
627,1015696,8
585,980431,8
604,980431,8
696,980431,8
576,980431,8
658,18500000,8
598,1015696,8
702,121112,8
686,3000000,8
599,980431,8
619,1015696,8
648,874636,8
571,3332940,8
704,980431,8
708,1015696,8
581,9607500,8
610,980431,8
671,2898000,8
644,980431,8
657,726672,8
665,161483,8
588,12500000,8
692,2150000,8
592,980431,8
616,980431,8
611,3333333,8
647,874636,8
666,1050500,8
591,980431,8
612,2898000,8
582,874636,8
595,980431,8
639,980431,8
680,6191000,8
699,980431,8
888,31969,8
600,8375000,8
375,895197,8
633,23069,8
678,5200000,8
689,5628000,8
575,980431,8
625,980431,8
602,980431,8
621,980431,8
577,2090000,8
583,2898000,8
749,8000000,8
952,7000000,8
879,5994764,8
878,5960160,8
1151,5903160,8
972,5332800,8
948,5281680,8
883,4788840,8
882,4743000,8
877,4317720,8
911,4276320,8
910,3909840,8
975,3872520,8
931,3800000,8
929,3551160,8
898,3517200,8
974,3241800,8
872,3210840,8
1199,3000000,8
995,2969880,8
983,2941440,8
976,2898000,8
987,2870813,8
914,2730000,8
890,2703960,8
896,2593440,8
921,2568600,8
864,2500000,8
866,2463840,8
961,2440200,8
897,2340600,8
930,2318280,8
953,2318280,8
907,2223600,8
925,2202240,8
857,2112480,8
852,2092200,8
957,2006640,8
1150,1987440,8
881,1906440,8
918,1811040,8
973,1793760,8
859,1720560,8
960,1704120,8
919,1643040,8
865,1627320,8
893,1577280,8
870,1562280,8
861,1514160,8
915,1500000,8
947,1499760,8
913,1453680,8
933,1450000,8
935,1439800,8
984,1395600,8
989,1369299,8
854,1358500,8
938,1350000,8
887,1339680,8
1192,1333240,8
949,1326960,8
956,1286160,8
853,1273920,8
885,1223653,8
993,1207680,8
954,1196040,8
980,1191480,8
970,1191480,8
917,1188840,8
968,1182840,8
978,1180080,8
904,1171560,8
928,1074145,8
941,1052342,8
901,1052342,8
946,1045000,8
899,1034956,8
874,1025831,8
99,1015696,8
988,1015696,8
869,1000000,8
650,980431,8
569,980431,8
902,950000,8
926,945000,8
979,937800,8
962,925000,8
884,918369,8
716,874636,8
855,874636,8
969,874636,8
924,874636,8
1189,874636,8
986,874636,8
1202,874636,8
943,874636,8
867,874636,8
1191,874636,8
1201,874636,8
504,874636,8
963,874636,8
1198,874636,8
871,874636,8
916,874636,8
945,874636,8
905,874636,8
1138,874636,8
971,874636,8
1190,874636,8
934,864346,8
936,750000,8
819,680534,8
964,650000,8
932,650000,8
894,650000,8
903,600000,8
908,600000,8
1218,543471,8
1230,543471,8
873,543471,8
862,543471,8
920,543471,8
895,543471,8
886,543471,8
967,543471,8
1130,543471,8
892,543471,8
1225,543471,8
906,543471,8
1217,543471,8
982,543471,8
991,543471,8
1210,543471,8
940,543471,8
863,543471,8
958,543471,8
1219,543471,8
1096,543471,8
922,543471,8
977,543471,8
1089,543471,8
858,543471,8
912,543471,8
990,543471,8
965,543471,8
850,543471,8
1213,543471,8
1097,543471,8
1074,543471,8
942,543471,8
937,543471,8
950,543471,8
927,543471,8
889,469943,8
959,255000,8
876,246956,8
981,210995,8
851,207798,8
955,143860,8
860,128623,8
951,89513,8
923,83119,8
939,76725,8
994,73528,8
891,67135,8
868,57672,8
985,57672,8
944,47953,8
880,35166,8
900,35116,8
966,31969,8
875,31969,8
856,15984,8
909,15435,8
259,5000000,10
77,1512601,10
377,333285,10
137,35654150,10
353,1512601,10
208,35654150,10
443,30000000,10
482,1512601,10
43,11692308,10
223,10087200,10
235,16000000,10
387,35654150,10
277,2445085,10
15,1512601,10
165,2500000,10
197,24119025,10
461,32088932,10
404,3382000,10
265,13500375,10
312,24119025,10
301,1333140,10
12,22347015,10
46,307648,10
54,3651480,10
72,5000000,10
446,21666667,10
267,28928709,10
322,1093858,10
226,1512601,10
421,9000000,10
153,22897200,10
380,24000000,10
427,1512601,10
394,21587579,10
382,20421546,10
385,29230769,10
415,1512601,10
31,2445085,10
283,1512601,10
368,487109,10
133,11286516,10
313,13964045,10
430,14087500,10
349,19000000,10
275,7000000,10
9,15000000,10
121,13565218,10
408,30521115,10
168,18109175,10
232,19169800,10
129,14000000,10
102,12250000,10
142,512746,10
567,1512601,10
468,1512601,10
76,3500000,10
63,12800562,10
359,30421854,10
413,31200000,10
369,1042584,10
451,20099189,10
214,17868853,10
139,12400000,10
406,1512601,10
338,1512601,10
317,25434263,10
384,7560000,10
365,8000000,10
69,12253780,10
5,14357750,10
113,13000000,10
49,4320500,10
640,21000000,10
152,16900000,10
332,1512601,10
123,3710850,10
309,1512601,10
103,25434263,10
465,487109,10
314,6134520,10
593,26011913,10
66,9530000,10
308,15944154,10
429,37457154,10
300,5250000,10
143,17469565,10
371,5337000,10
695,13528090,10
120,14975000,10
199,11550000,10
247,3360000,10
366,7250000,10
354,10000000,10
298,1512601,10
115,1512601,10
132,16539326,10
399,27739975,10
329,2000000,10
323,59820,10
449,2222803,10
87,16000000,10
439,1512601,10
84,27977689,10
130,17000000,10
252,7464912,10
147,8739500,10
91,8575916,10
455,6957105,10
290,14651700,10
189,14720000,10
315,24107258,10
454,31214295,10
390,14631250,10
32,25976111,10
231,15000000,10
463,30560700,10
346,12000000,10
291,10500000,10
94,5450000,10
248,19000000,10
445,25434263,10
41,208509,10
163,1512601,10
423,922943,10
122,8333333,10
302,18988725,10
83,4449000,10
170,10595506,10
345,11536515,10
225,7488372,10
342,5451600,10
362,427288,10
45,2487000,10
177,2383076,10
81,5375000,10
254,6153846,10
156,10000000,10
288,14651700,10
289,11327466,10
356,10837079,10
241,23114067,10
420,12750000,10
196,11011234,10
266,12000000,10
18,59820,10
190,3454500,10
183,14800000,10
711,5285394,10
623,10807143,10
379,59820,10
310,17150000,10
202,683661,10
337,17043478,10
261,1512601,10
303,486520,10
135,1656092,10
694,2500000,10
195,20445779,10
679,10000000,10
256,11571429,10
219,7945000,10
145,12500000,10
26,4996000,10
154,6000000,10
57,24107258,10
185,15400000,10
176,8000000,10
64,1795015,10
389,7969537,10
215,8808685,10
106,4449000,10
450,4750000,10
480,25434262,10
467,17469565,10
391,4449000,10
90,8307692,10
88,7119650,10
355,10002681,10
187,1512601,10
270,1656092,10
227,7305825,10
327,11830358,10
381,18089887,10
92,4320500,10
466,13000000,10
119,2205000,10
331,5027028,10
70,5193600,10
27,1512601,10
182,4384616,10
436,5337000,10
697,25467250,10
622,12500000,10
690,20000000,10
996,25467250,10
663,21590909,10
596,4350000,10
637,9600000,10
613,1757429,10
614,11660716,10
634,10500000,10
570,5460000,10
632,8641000,10
594,12000000,10
597,504200,10
710,1795015,10
574,1512601,10
707,25759766,10
681,3000000,10
580,59820,10
691,7333333,10
603,24157303,10
685,12537527,10
655,19500000,10
606,11750000,10
586,24157303,10
589,11111111,10
653,15500000,10
672,16517857,10
620,522151,10
705,15170787,10
601,12917808,10
646,12252928,10
638,3472887,10
673,19200127,10
626,1942422,10
682,13793104,10
684,23241573,10
675,8641000,10
627,10464092,10
585,8333333,10
696,8653847,10
658,18500000,10
598,1512601,10
619,5000000,10
571,3258539,10
700,1600520,10
581,9607500,10
610,1512601,10
671,7200000,10
657,1656092,10
588,12500000,10
692,13045455,10
592,17092,10
666,4075000,10
612,1621415,10
1126,1378242,10
639,85458,10
600,9631250,10
678,7000000,10
689,19356932,10
625,7666667,10
577,196553,10
583,2795000,10
645,1378242,10
952,7000000,10
879,5455236,10
878,7839435,10
1151,6434520,10
972,7019698,10
948,5757120,10
883,1567707,10
882,5169960,10
877,5697054,10
911,4661280,10
910,6500000,10
975,4221000,10
931,6500000,10
929,4696875,10
898,3844760,10
974,4294480,10
872,3499800,10
995,3940402,10
983,3206160,10
987,3129187,10
914,3627842,10
890,2947320,10
896,3448926,10
921,2799720,10
866,3410284,10
961,2659800,10
897,3364249,10
930,2526840,10
953,2526840,10
907,3314365,10
925,1544951,10
857,3263294,10
852,2280600,10
957,3208630,10
1150,2166360,10
881,3050390,10
973,1544951,10
859,2760095,10
960,341831,10
919,2639314,10
865,1773840,10
893,2536898,10
870,1702800,10
861,2516048,10
947,1634640,10
913,2494346,10
935,1569360,10
984,2470357,10
989,25367,10
854,24605181,10
938,1544951,10
887,2444053,10
949,1544951,10
956,2416222,10
993,2272391,10
954,1544951,10
917,1544951,10
968,1512601,10
978,1544951,10
904,1544951,10
946,6000000,10
899,1544951,10
874,1600520,10
569,2054856,10
926,1544951,10
979,2150000,10
962,1544951,10
855,9367200,10
969,6000000,10
986,9367200,10
943,5000000,10
867,1641000,10
963,1600520,10
871,1512601,10
916,17092,10
945,512746,10
971,8740980,10
936,1544951,10
964,1512601,10
903,1544951,10
873,8653847,10
920,777665,10
886,7000000,10
967,948580,10
991,3125000,10
1210,1378242,10
940,1544951,10
863,1544951,10
977,1512601,10
858,1544951,10
990,247827,10
850,1544951,10
1097,1349383,10
1074,1311265,10
937,1512601,10
889,17092,10
981,1187862,10
851,3000000,10
955,869094,10
923,1544951,10
939,1512601,10
994,1512601,10
880,1544951,10
856,1544951,10
1166,151587,10
1131,9000000,10
1092,8339880,10
1165,8165160,10
1099,7461960,10
1067,7305600,10
1134,6700800,10
1164,6560640,10
1094,6300000,10
1125,6041520,10
1173,5915040,10
1001,5470920,10
1086,5356440,10
1088,4969080,10
1120,4865040,10
1009,4536120,10
1090,4441200,10
1185,4155720,10
1016,4068600,10
998,3819960,10
1161,3739920,10
1047,3628920,10
1095,3552960,10
1101,3447480,10
1162,3382000,10
1093,3375360,10
1127,3275280,10
1043,3206640,10
1049,3111480,10
1072,3046200,10
1159,2955840,10
1154,2807880,10
1050,2775000,10
1081,2749080,10
1137,2667600,10
1045,2667600,10
1000,2534280,10
1080,2526840,10
1117,2481000,10
1129,2407560,10
1006,2357160,10
1022,2299080,10
1141,2250960,10
1062,2207040,10
1144,2160720,10
1052,2118840,10
1069,2074320,10
1079,2034120,10
1071,2034120,10
997,2000000,10
1024,1990520,10
1007,1952760,10
1116,1911960,10
1155,1874640,10
1029,1762080,10
1108,1760520,10
1031,1740000,10
1042,1740000,10
1087,1703649,10
1032,1690000,10
1124,1689840,10
1008,1679520,10
1152,1667160,10
1157,1655160,10
1156,1654440,10
1123,1644240,10
1098,1632240,10
1177,1620480,10
1037,1619260,10
1167,1618320,10
1175,1485440,10
1171,1378242,10
1226,1378242,10
1035,1378242,10
1023,1378242,10
1019,1378242,10
1083,1378242,10
1142,1378242,10
1145,1378242,10
1066,1378242,10
1011,1378242,10
1122,1378242,10
1025,1378242,10
1061,1378242,10
1104,1378242,10
1112,1378242,10
1237,1378242,10
1018,1378242,10
1133,1378242,10
1211,1378242,10
1065,1378242,10
1188,1378242,10
1063,1378242,10
1054,1378242,10
1132,1378242,10
1236,1349464,10
1228,1349383,10
1004,1349383,10
1021,1349383,10
1182,1349383,10
1140,1349383,10
1178,1349383,10
1038,1238464,10
1053,1230000,10
1060,1050000,10
1128,1000000,10
1034,988464,10
1114,949000,10
1026,838464,10
1059,838464,10
1174,838464,10
1163,838464,10
1136,838464,10
1075,838464,10
1068,838464,10
1044,838464,10
1033,838464,10
1135,838464,10
1085,838464,10
1003,838464,10
1139,838464,10
1147,838464,10
1058,630032,10
1077,596873,10
1186,457418,10
1118,457418,10
1110,270014,10
1121,194220,10
1073,184746,10
1064,108953,10
1153,90005,10
1056,52108,10
1105,47371,10
1106,47371,10
1028,42634,10
1091,42634,10
1084,18948,10
1170,9474,10
1002,4737,10
259,5000000,9
428,473835,9
77,26243760,9
377,16000000,9
208,24599495,9
482,290951,9
319,3527920,9
43,12307692,9
223,8406000,9
235,14814815,9
387,28530608,9
277,592030,9
15,17190000,9
165,2500000,9
197,22642350,9
461,32088932,9
404,22642650,9
265,12943020,9
312,24119025,9
301,13000000,9
12,21461010,9
341,10000000,9
222,1379940,9
46,1471382,9
54,3477600,9
72,15453126,9
446,21666667,9
297,1471382,9
267,27734406,9
127,8000000,9
322,18530000,9
421,3300000,9
383,11227000,9
153,22642350,9
380,24000000,9
20,1454756,9
427,1471382,9
271,1471382,9
367,6393750,9
394,20559599,9
382,19578455,9
385,31269231,9
150,7000000,9
434,2194500,9
415,4402546,9
31,2445085,9
368,12516746,9
133,11286516,9
313,13964045,9
430,14087500,9
419,1551659,9
349,19000000,9
9,7420912,9
121,12782609,9
17,980431,9
408,28530608,9
168,18109175,9
232,19169800,9
129,14000000,9
285,1471382,9
16,3547000,9
142,17884176,9
299,6061175,9
567,7420912,9
188,3500000,9
63,12016854,9
359,28299399,9
413,31200000,9
369,5192000,9
451,18868626,9
214,17131148,9
139,3290000,9
406,3477600,9
338,4328000,9
317,23775506,9
384,7560000,9
365,7000000,9
69,12253780,9
5,14357750,9
52,12100000,9
113,13000000,9
49,1471382,9
640,21000000,9
152,12000000,9
397,7500000,9
332,4000000,9
123,3903900,9
103,25434263,9
465,18622514,9
314,5882260,9
593,26011913,9
536,980431,9
66,10000000,9
167,980431,9
100,980431,9
194,1471382,9
308,15944154,9
378,1471382,9
126,6500000,9
429,37457154,9
300,5500000,9
143,17469565,9
371,18063850,9
695,13528090,9
120,14275000,9
199,11550000,9
347,4000000,9
247,3200000,9
366,7250000,9
354,10000000,9
59,57672,9
298,872854,9
115,1471382,9
132,16539326,9
399,27739975,9
278,1471382,9
151,980431,9
329,7579366,9
180,4837500,9
449,2222803,9
87,16000000,9
82,10500000,9
439,8000000,9
84,26153057,9
130,17000000,9
252,7464912,9
147,8393000,9
91,8575916,9
455,7319035,9
290,14651700,9
189,14720000,9
315,23112004,9
452,1974159,9
454,29727900,9
390,13618750,9
32,25686667,9
307,6021175,9
231,15000000,9
198,1471382,9
392,980431,9
463,19508958,9
346,12000000,9
291,10500000,9
94,5450000,9
401,7300000,9
248,19000000,9
243,1471382,9
445,25434263,9
141,980431,9
163,1471382,9
423,12650000,9
122,7936509,9
302,17826150,9
83,6352531,9
170,9904495,9
345,10845506,9
225,7488372,9
295,980431,9
342,5192000,9
362,8600000,9
61,379159,9
157,2048257,9
234,207722,9
81,5000000,9
156,10000000,9
289,11327466,9
356,10162922,9
241,18868626,9
456,1471382,9
420,12750000,9
148,980431,9
196,10337079,9
266,8808989,9
18,1933941,9
190,3454500,9
183,16000000,9
447,980431,9
201,980431,9
711,4961798,9
561,980431,9
623,10607143,9
310,17000000,9
202,12921348,9
416,5628000,9
337,17043478,9
261,3853931,9
303,1050961,9
107,58190,9
44,4347826,9
135,60283,9
694,2500000,9
195,19301070,9
679,9259260,9
364,1050961,9
256,10714286,9
80,1471382,9
95,74186,9
219,7945000,9
145,12500000,9
11,7400000,9
26,4666500,9
418,5000000,9
216,490461,9
154,6000000,9
57,23112004,9
185,15400000,9
176,8000000,9
64,588120,9
389,7590035,9
215,8445024,9
450,3290000,9
480,25434262,9
542,980431,9
333,1471382,9
467,17469565,9
116,1471382,9
246,980431,9
90,7692308,9
499,8000000,9
526,874636,9
568,57672,9
88,7119650,9
355,10002681,9
187,6261395,9
270,1656092,9
227,6796117,9
269,980431,9
327,3533333,9
422,980431,9
381,18089887,9
220,874636,9
466,1300000,9
328,1312611,9
230,980431,9
119,2100000,9
331,5513514,9
560,115344,9
55,980431,9
27,6000000,9
109,1471382,9
182,4384616,9
324,980431,9
436,23819725,9
13,9000000,9
656,1015696,9
697,7574323,9
622,12500000,9
996,25250000,9
596,4187599,9
637,4992385,9
613,4187599,9
634,10500000,9
570,5200000,9
632,4149242,9
594,17745894,9
710,1544951,9
707,23962573,9
681,3332340,9
691,3294994,9
603,22471910,9
685,12537527,9
606,3152931,9
586,24157303,9
660,1524305,9
589,2947305,9
653,15500000,9
677,1577230,9
587,1524305,9
672,2550055,9
620,2451225,9
705,14112360,9
667,1526040,9
601,14041096,9
670,1465080,9
646,12236535,9
673,17325000,9
626,2361360,9
682,2334528,9
684,21924719,9
651,1577230,9
643,1471382,9
675,2151704,9
627,10464092,9
604,980431,9
696,1524305,9
576,980431,9
658,18500000,9
598,997547,9
702,121112,9
736,1312611,9
619,5000000,9
648,874636,9
571,3408520,9
704,980431,9
700,1600520,9
708,1577230,9
581,9607500,9
610,1471382,9
671,7200000,9
644,980431,9
657,1656092,9
665,1524305,9
588,12500000,9
692,14136364,9
592,1826300,9
611,1471382,9
647,874636,9
591,980431,9
1126,1378242,9
582,148318,9
595,980431,9
680,3290000,9
699,980431,9
888,31969,9
600,9003125,9
584,1312611,9
375,895197,9
633,1524305,9
678,7000000,9
689,19245370,9
625,8533333,9
602,980431,9
621,980431,9
583,3028410,9
645,44495,9
952,7000000,9
879,5725000,9
878,6216840,9
1151,6434520,9
972,7019698,9
948,5519400,9
882,4956480,9
877,5697054,9
911,4468800,9
975,4221000,9
931,3949999,9
929,3704160,9
898,3675480,9
974,4294480,9
872,3355320,9
1199,3000000,9
995,3940402,9
983,3073800,9
976,3025035,9
987,3000000,9
914,3627842,9
890,2947320,9
896,3448926,9
921,2799720,9
866,3410284,9
961,2659800,9
897,2441400,9
930,2526840,9
953,2526840,9
907,2319360,9
925,185397,9
857,3263294,9
852,2280600,9
957,3208630,9
1150,2076840,9
881,1988520,9
918,1889040,9
973,229892,9
859,1794600,9
960,1857480,9
919,2639314,9
865,1700640,9
893,2536898,9
870,1702800,9
861,2516048,9
915,1500000,9
947,1634640,9
913,2494346,9
935,1569360,9
984,2470357,9
989,1312611,9
854,1471382,9
938,1544951,9
887,1471382,9
1192,1333240,9
949,1386600,9
956,1471382,9
853,1331160,9
993,2272391,9
954,1544951,9
980,1471382,9
970,1471382,9
917,1312611,9
968,1471382,9
978,1312611,9
904,1312611,9
928,1312611,9
901,1471382,9
946,1471382,9
899,1312611,9
874,1600520,9
99,1015696,9
988,1471382,9
869,1312611,9
650,980431,9
569,2054856,9
902,1312611,9
926,1312611,9
979,1471382,9
962,1544951,9
884,1312611,9
716,874636,9
855,9367200,9
969,6000000,9
1189,874636,9
986,9367200,9
1202,874636,9
943,6000000,9
867,1471382,9
1191,874636,9
504,874636,9
963,1600520,9
871,874636,9
916,874636,9
945,1471382,9
905,91442,9
971,8470980,9
1190,874636,9
936,1312611,9
932,1312611,9
894,1312611,9
903,1312611,9
920,1312611,9
895,1312611,9
886,1312611,9
967,4544000,9
892,1312611,9
906,1312611,9
982,543471,9
991,1312611,9
1210,815615,9
940,1312611,9
863,1312611,9
958,543471,9
1096,375000,9
858,1544951,9
912,96406,9
965,543471,9
850,1312611,9
1213,543471,9
1074,175000,9
942,1312611,9
950,1312611,9
927,1312611,9
889,44495,9
959,1544951,9
876,246956,9
981,1544951,9
851,1312611,9
955,1312611,9
923,1312611,9
939,1544951,9
891,67135,9
944,1312611,9
880,1378242,9
966,1312611,9
875,1312611,9
856,1544951,9
909,1471382,9
1131,9412280,9
1092,8339880,9
1099,6286560,9
1134,5645400,9
1094,6000000,9
1125,5090040,9
1001,4609200,9
1088,4969080,9
1009,4536120,9
1185,4155720,9
998,3218280,9
1047,3057240,9
1101,3447480,9
1127,3275280,9
1049,2621280,9
1159,2955840,9
1154,2365560,9
1050,2775000,9
1137,2247480,9
1045,2247480,9
1000,2534280,9
1129,2407560,9
1022,2299080,9
1062,1859400,9
1052,1785000,9
1079,2034120,9
1071,2034120,9
1007,1952760,9
1155,1579440,9
1031,1465920,9
1042,1740000,9
1124,1423560,9
1008,1414920,9
1152,1404600,9
1157,1394520,9
1171,1378242,9
1226,815615,9
1035,815615,9
1023,1378242,9
1019,1378242,9
1083,815615,9
1142,815615,9
1145,1167333,9
1066,815615,9
1011,1378242,9
1122,1378242,9
1025,950000,9
1061,1378242,9
1104,1378242,9
1112,1184385,9
1237,1378242,9
1018,1378242,9
1133,815615,9
1211,1378242,9
1065,815615,9
1188,815615,9
1063,815615,9
1054,1291892,9
1132,815615,9
1182,1378242,9
1136,815615,9
1220,815615,9
1223,815615,9
1158,815615,9
1102,815615,9
1179,815615,9
1040,679919,9
1212,55296,9
1103,13824,9
1143,4608,9
1227,4608,9
