team_id,date_start,date_end,player_id
1,2017-10-18,2018-04-11,1145
1,2016-10-26,2019-04-07,267
1,2015-10-28,2017-04-12,468
1,2017-10-17,2019-04-07,70
1,2010-11-22,2017-04-12,266
1,2018-10-16,2019-04-09,1147
1,2014-12-21,2015-01-05,216
1,2011-12-25,2015-04-15,296
1,2009-11-03,2010-04-14,500
1,2011-03-09,2011-04-13,746
1,2014-03-01,2014-04-16,735
1,2011-02-24,2014-04-16,96
1,2011-12-25,2013-04-17,363
1,2016-03-15,2016-03-18,1196
1,2012-10-30,2014-01-03,69
1,2013-03-06,2013-04-17,149
1,2017-10-18,2019-04-09,1132
1,2012-11-02,2012-11-02,221
1,2015-10-28,2016-01-10,351
1,2010-11-17,2011-04-11,475
1,2016-11-06,2017-02-24,933
1,2014-11-14,2014-12-15,600
1,2011-12-25,2012-04-26,215
1,2009-10-27,2010-02-16,742
1,2014-10-29,2016-04-13,214
1,2013-02-01,2013-04-17,40
1,2016-10-26,2017-04-12,298
1,2013-10-30,2015-04-15,336
1,2015-02-25,2015-04-15,629
1,2009-12-25,2011-04-13,14
1,2017-10-17,2019-04-07,454
1,2018-02-08,2019-03-30,323
1,2011-12-28,2012-04-20,392
1,2017-10-20,2019-04-09,1045
1,2009-11-11,2010-02-05,557
1,2015-02-22,2017-04-12,187
1,2009-10-28,2010-01-18,748
1,2011-12-28,2012-04-26,489
1,2017-10-20,2018-04-11,1236
1,2014-12-21,2017-04-12,227
1,2014-12-21,2015-01-02,444
1,2014-11-01,2017-04-12,662
1,2012-10-30,2016-04-13,416
1,2018-01-23,2018-01-24,985
1,2012-12-25,2013-01-04,169
1,2012-11-15,2013-02-20,164
1,2012-10-30,2013-04-12,203
1,2016-10-26,2019-04-09,882
1,2017-10-17,2019-04-07,1134
1,2011-02-26,2015-01-07,283
1,2010-10-26,2012-02-20,376
1,2014-01-07,2014-04-11,91
1,2014-01-21,2014-04-16,74
1,2015-02-22,2017-04-12,332
1,2018-04-06,2018-04-11,889
1,2013-02-22,2014-01-13,107
1,2015-10-28,2017-04-06,885
1,2017-12-11,2018-04-11,1010
1,2013-11-03,2014-01-07,464
1,2013-10-30,2017-04-12,685
1,2009-10-27,2011-02-22,31
1,2009-10-27,2013-04-13,127
1,2011-12-25,2012-04-26,245
1,2013-10-30,2014-04-11,297
1,2012-11-02,2012-12-29,71
1,2017-10-17,2019-04-07,451
1,2012-10-30,2013-02-11,48
1,2009-10-28,2010-01-02,483
1,2010-11-02,2011-02-22,546
1,2013-11-03,2014-01-13,135
1,2010-02-25,2010-02-25,766
1,2017-11-03,2019-04-07,81
1,2014-10-29,2019-04-07,614
1,2014-10-29,2015-02-11,17
1,2009-10-27,2012-04-26,173
1,2010-03-09,2010-04-14,761
1,2012-01-11,2012-04-26,162
1,2010-02-23,2011-02-22,272
1,2011-02-26,2011-04-13,787
1,2010-04-14,2010-04-14,808
1,2018-11-30,2019-04-09,1013
1,2009-10-27,2013-04-17,319
1,2013-10-30,2015-04-15,704
1,2015-11-04,2019-04-09,934
1,2009-10-27,2014-12-17,421
1,2009-10-27,2010-04-14,171
1,2009-10-27,2012-04-10,239
1,2018-10-22,2019-04-09,1156
1,2012-03-23,2012-04-26,409
1,2011-03-06,2012-04-26,237
1,2012-04-20,2012-04-26,486
1,2017-10-17,2019-04-09,1054
1,2010-11-02,2011-02-22,537
1,2017-10-17,2018-04-11,652
1,2010-10-26,2011-04-03,774
1,2013-03-12,2015-03-20,304
1,2009-10-27,2010-04-14,539
1,2015-01-19,2015-02-11,19
1,2013-02-20,2013-04-17,257
1,2015-10-28,2019-04-09,881
1,2009-12-08,2010-04-10,278
1,2011-03-02,2011-04-13,339
1,2014-10-29,2017-04-12,18
1,2014-01-22,2014-01-28,579
1,2013-10-30,2014-01-28,734
1,2010-10-27,2011-04-13,525
1,2018-03-31,2018-04-04,550
2,2009-11-06,2011-03-23,758
2,2011-03-04,2011-04-13,751
2,2018-10-16,2019-04-10,1182
2,2016-02-24,2017-02-02,437
2,2013-10-30,2019-04-10,235
2,2012-10-31,2019-04-10,46
2,2009-10-28,2013-04-12,108
2,2009-10-28,2010-04-14,378
2,2009-10-28,2010-01-08,293
2,2010-01-18,2010-04-14,450
2,2010-10-27,2011-02-16,216
2,2011-12-25,2016-04-13,23
2,2017-02-08,2017-02-25,860
2,2009-10-30,2010-04-04,418
2,2012-10-31,2013-04-17,126
2,2010-01-11,2010-01-29,47
2,2011-12-25,2013-02-19,1
2,2010-10-27,2011-02-22,770
2,2018-03-14,2018-03-14,1118
2,2009-11-20,2010-04-14,750
2,2011-12-31,2012-04-26,422
2,2010-01-31,2010-02-06,781
2,2009-10-28,2010-04-11,262
2,2016-12-10,2018-12-01,904
2,2018-10-22,2019-04-10,1187
2,2010-10-27,2011-01-24,545
2,2010-10-27,2015-04-13,351
2,2016-10-25,2018-04-10,271
2,2019-01-18,2019-04-09,371
2,2009-12-07,2010-04-14,801
2,2013-11-18,2013-12-03,671
2,2011-12-25,2012-04-26,68
2,2010-10-27,2012-04-20,167
2,2012-10-31,2019-04-09,467
2,2012-01-14,2012-02-02,97
2,2010-12-10,2012-03-11,247
2,2012-10-31,2016-04-13,11
2,2012-10-31,2016-04-13,315
2,2013-12-11,2014-04-16,730
2,2015-10-30,2017-04-12,610
2,2011-12-25,2012-01-04,154
2,2016-10-25,2018-04-10,427
2,2018-10-22,2019-04-10,1123
2,2015-01-19,2017-04-12,575
2,2012-10-31,2013-04-17,207
2,2015-10-30,2016-02-20,178
2,2010-10-27,2011-04-13,403
2,2010-10-29,2011-04-13,368
2,2011-12-25,2013-02-09,42
2,2013-10-30,2014-04-14,376
2,2018-10-16,2019-04-10,332
2,2017-10-17,2019-04-10,1019
2,2014-01-17,2014-04-16,107
2,2014-10-29,2015-04-15,182
2,2012-03-24,2012-03-28,504
2,2009-10-28,2009-11-14,515
2,2012-11-09,2014-02-10,381
2,2016-10-25,2019-04-10,443
2,2016-01-27,2019-04-10,968
2,2011-12-25,2019-04-10,302
2,2011-12-25,2012-01-10,412
2,2014-10-29,2016-04-13,48
2,2010-12-07,2011-04-13,55
2,2013-03-09,2013-03-17,79
2,2014-01-17,2014-02-10,135
2,2018-11-10,2019-04-10,1146
2,2013-10-30,2016-04-13,146
2,2017-03-02,2017-04-08,29
2,2012-03-22,2012-04-26,508
2,2009-10-30,2012-04-26,470
2,2009-10-28,2012-03-11,383
2,2012-01-06,2012-04-16,272
2,2013-10-30,2014-04-14,731
2,2017-10-17,2018-04-10,369
2,2013-10-30,2015-01-31,609
2,2017-10-17,2018-03-16,163
2,2016-10-25,2018-03-31,920
2,2017-10-21,2019-04-10,856
2,2009-11-18,2009-11-18,512
2,2010-03-02,2011-04-13,375
2,2012-03-17,2013-04-17,20
2,2010-10-27,2011-01-01,754
2,2009-10-28,2010-04-14,433
2,2014-10-29,2019-04-09,90
2,2009-10-28,2019-04-09,429
2,2009-10-28,2009-11-14,344
2,2014-02-20,2014-04-16,10
2,2013-10-30,2014-01-10,61
2,2009-11-17,2011-04-13,206
2,2016-10-25,2018-04-10,406
3,2015-11-20,2016-12-31,905
3,2009-11-25,2010-02-10,758
3,2013-10-30,2016-04-13,341
3,2009-10-28,2009-11-22,711
3,2013-10-30,2014-04-14,450
3,2012-11-02,2014-02-22,89
3,2011-12-26,2019-04-10,130
3,2009-10-28,2012-03-14,397
3,2012-11-02,2013-03-18,28
3,2014-10-29,2017-04-11,306
3,2017-03-02,2017-04-11,860
3,2011-12-26,2013-04-06,343
3,2013-12-20,2014-04-16,280
3,2016-11-07,2017-04-11,871
3,2013-10-30,2019-03-09,695
3,2011-12-26,2012-04-10,262
3,2012-01-01,2012-12-08,112
3,2016-02-21,2016-04-13,69
3,2009-10-28,2012-04-26,366
3,2011-02-27,2014-04-02,149
3,2011-02-27,2011-04-13,45
3,2009-10-31,2013-03-04,388
3,2009-10-28,2012-04-25,487
3,2018-10-22,2019-04-10,1034
3,2010-11-20,2011-04-13,68
3,2017-10-18,2019-04-10,1171
3,2017-10-18,2018-04-10,436
3,2010-11-13,2012-04-06,523
3,2009-11-06,2010-02-16,769
3,2015-10-28,2019-04-10,914
3,2011-03-09,2011-04-13,176
3,2014-02-28,2015-02-08,159
3,2009-10-28,2015-04-15,13
3,2009-10-28,2011-02-22,336
3,2012-11-17,2013-02-06,193
3,2019-01-02,2019-04-09,1036
3,2012-04-15,2012-04-26,484
3,2013-11-29,2013-11-29,733
3,2013-03-15,2014-12-22,236
3,2014-10-29,2015-04-15,51
3,2012-12-13,2014-02-19,403
3,2012-11-03,2015-04-15,405
3,2015-10-30,2019-04-10,225
3,2015-10-28,2016-04-13,368
3,2019-01-30,2019-01-30,1183
3,2011-02-27,2011-03-07,218
3,2017-03-02,2018-02-05,665
3,2016-02-24,2016-04-13,621
3,2013-02-23,2014-04-16,307
3,2017-10-18,2018-04-10,270
3,2014-03-08,2014-03-08,686
3,2011-12-26,2019-04-10,346
3,2010-11-15,2011-04-13,412
3,2014-10-29,2015-04-07,106
3,2010-03-20,2010-04-14,521
3,2014-02-28,2014-04-16,311
3,2017-10-18,2019-04-10,1101
3,2017-10-25,2018-03-22,1233
3,2016-10-26,2017-04-05,254
3,2017-10-25,2018-04-10,1218
3,2014-10-29,2019-04-01,430
3,2010-11-10,2012-11-03,213
3,2017-11-05,2018-03-04,580
3,2012-11-02,2019-04-10,113
3,2017-02-15,2017-02-23,891
3,2018-10-17,2019-04-10,1043
3,2017-02-04,2017-04-11,145
3,2015-02-21,2015-04-10,434
3,2009-10-28,2011-02-22,24
3,2015-10-28,2019-04-10,380
3,2014-11-15,2015-04-15,574
3,2014-11-04,2016-02-10,664
3,2009-11-02,2009-11-14,512
3,2012-11-02,2017-02-01,396
3,2009-10-28,2010-04-14,115
3,2012-01-31,2013-04-09,375
3,2016-10-26,2017-01-31,161
3,2010-10-27,2011-03-28,90
3,2019-02-11,2019-03-31,27
3,2010-11-03,2011-02-15,838
3,2015-10-28,2017-02-01,299
3,2009-10-28,2010-04-14,752
3,2009-11-16,2011-03-30,344
3,2010-02-19,2010-04-14,767
3,2018-10-17,2019-03-17,72
3,2016-11-02,2018-03-31,937
3,2015-02-22,2016-04-13,571
3,2015-11-03,2016-04-13,260
3,2010-02-19,2013-04-17,431
3,2009-10-28,2010-04-14,301
3,2009-10-28,2009-11-14,206
3,2018-02-22,2019-04-09,938
4,2012-10-31,2019-04-10,445
4,2014-12-30,2018-04-11,450
4,2015-10-27,2017-04-05,70
4,2009-10-30,2013-01-29,340
4,2017-10-18,2018-01-27,266
4,2009-10-28,2012-04-26,89
4,2009-10-28,2012-04-26,497
4,2016-10-26,2017-04-09,285
4,2018-02-01,2019-04-09,461
4,2016-10-26,2018-01-27,952
4,2013-11-03,2016-02-10,449
4,2011-12-26,2013-04-17,390
4,2018-10-17,2019-04-10,1033
4,2014-10-29,2015-04-15,419
4,2014-11-25,2015-04-12,47
4,2009-10-28,2014-04-02,175
4,2013-10-30,2014-02-07,158
4,2009-10-28,2011-04-13,363
4,2009-11-03,2010-04-14,822
4,2012-11-14,2012-12-15,262
4,2014-10-29,2015-02-11,366
4,2009-11-04,2011-04-13,462
4,2011-12-28,2012-04-26,333
4,2015-11-23,2017-04-12,924
4,2017-12-26,2018-03-24,700
4,2017-10-18,2018-04-11,592
4,2015-10-27,2016-02-08,275
4,2013-10-30,2015-02-11,629
4,2018-10-17,2019-04-10,666
4,2010-10-30,2015-04-15,323
4,2016-10-26,2018-12-10,960
4,2016-10-26,2019-04-10,154
4,2018-02-11,2018-03-13,444
4,2018-02-11,2018-04-11,612
4,2009-10-28,2013-03-29,51
4,2014-12-12,2016-04-13,190
4,2014-10-29,2016-04-13,74
4,2015-02-03,2015-04-15,447
4,2016-10-26,2019-04-10,355
4,2009-10-31,2015-02-11,332
4,2013-02-04,2019-04-10,226
4,2013-11-17,2014-02-01,432
4,2013-10-30,2014-12-21,222
4,2016-02-24,2016-03-06,568
4,2019-01-21,2019-01-21,584
4,2018-02-05,2018-04-11,862
4,2013-10-30,2017-04-12,594
4,2012-11-10,2013-04-17,466
4,2018-11-09,2019-04-10,1135
4,2012-10-31,2013-04-17,3
4,2009-10-28,2010-04-07,412
4,2012-10-31,2015-02-11,26
4,2017-10-18,2019-04-10,678
4,2017-12-30,2018-01-05,1198
4,2017-10-20,2019-04-10,1127
4,2015-10-27,2017-04-10,81
4,2016-10-26,2017-02-06,894
4,2013-10-30,2014-04-16,720
4,2015-04-01,2015-04-15,255
4,2015-10-28,2019-02-05,694
4,2018-02-05,2018-04-11,1224
4,2015-02-22,2019-04-10,337
4,2009-10-28,2011-04-13,400
4,2009-10-28,2014-04-13,150
4,2015-02-27,2015-04-15,479
4,2014-10-29,2016-04-13,657
4,2015-10-27,2019-02-05,995
4,2015-10-27,2016-04-13,10
4,2019-02-08,2019-03-13,1076
4,2009-10-28,2015-04-10,19
4,2019-02-08,2019-04-10,921
4,2016-02-19,2018-01-28,183
4,2013-10-30,2014-04-16,728
4,2010-10-27,2011-04-10,558
4,2011-12-28,2012-04-26,472
4,2012-12-21,2013-04-17,172
4,2012-01-20,2012-04-18,553
4,2019-02-11,2019-04-10,177
4,2009-10-28,2014-04-02,151
4,2018-02-01,2018-02-05,988
4,2018-10-17,2018-10-17,1082
4,2018-10-17,2019-04-10,406
5,2009-10-30,2014-11-26,200
5,2016-11-01,2017-04-12,243
5,2018-10-17,2019-04-10,1116
5,2016-10-26,2018-04-10,341
5,2017-10-20,2018-04-10,880
5,2018-10-19,2019-04-10,1068
5,2014-03-11,2014-03-15,490
5,2012-11-05,2013-04-17,320
5,2018-01-24,2018-02-05,1228
5,2017-10-18,2019-04-07,634
5,2009-10-28,2011-04-13,23
5,2013-10-29,2015-04-03,418
5,2014-10-29,2017-04-12,122
5,2015-10-28,2016-03-04,249
5,2013-11-02,2015-04-05,294
5,2017-10-18,2019-04-10,219
5,2012-10-31,2013-04-17,366
5,2009-10-28,2012-04-25,62
5,2017-10-18,2018-01-06,333
5,2014-10-29,2015-04-15,643
5,2009-10-28,2014-02-19,435
5,2010-10-27,2019-04-10,156
5,2011-12-26,2015-04-15,271
5,2018-11-19,2019-04-10,1102
5,2017-10-18,2019-04-07,961
5,2013-01-12,2013-01-15,68
5,2013-11-02,2015-04-15,109
5,2018-10-17,2019-04-10,691
5,2009-10-28,2010-04-14,321
5,2018-04-10,2019-04-10,1070
5,2014-02-25,2014-04-16,214
5,2011-12-26,2016-04-12,349
5,2016-10-28,2017-03-29,964
5,2012-10-31,2013-04-17,298
5,2015-11-04,2018-04-10,666
5,2012-10-31,2016-04-12,308
5,2017-10-20,2018-11-26,1018
5,2010-10-27,2011-04-13,824
5,2012-01-11,2013-04-17,73
5,2009-10-28,2012-02-28,527
5,2016-10-26,2017-04-12,248
5,2015-10-28,2018-04-10,941
5,2015-10-28,2016-04-13,347
5,2009-10-30,2011-04-13,307
5,2016-10-28,2017-04-12,452
5,2018-10-17,2019-04-10,391
5,2012-04-13,2012-04-23,541
5,2011-02-27,2018-04-10,106
5,2014-02-25,2017-04-10,228
5,2012-03-20,2012-04-23,48
5,2011-12-28,2012-04-25,55
5,2013-10-29,2015-04-15,6
5,2009-10-28,2010-04-04,777
5,2009-11-27,2011-04-13,180
5,2012-11-05,2013-04-17,145
5,2015-10-28,2017-04-12,383
5,2015-10-29,2019-04-07,866
5,2012-11-05,2014-02-19,269
5,2010-10-27,2017-04-12,463
5,2016-04-13,2017-04-10,901
5,2013-10-29,2014-04-16,542
5,2014-10-29,2017-03-26,150
5,2009-10-28,2015-04-15,161
5,2012-10-31,2013-04-17,209
5,2014-11-08,2016-04-13,595
5,2013-10-29,2016-04-13,646
5,2009-10-28,2011-04-13,98
5,2009-10-28,2011-04-13,511
5,2017-10-18,2019-04-10,1129
5,2016-10-26,2019-04-07,313
5,2010-01-03,2010-02-06,763
5,2018-03-07,2018-04-10,460
5,2018-02-23,2018-02-23,1222
5,2009-10-28,2010-04-14,339
5,2016-03-07,2016-04-13,30
5,2009-11-06,2013-04-17,260
5,2018-10-17,2019-04-10,139
5,2017-10-18,2019-01-23,640
5,2019-02-11,2019-04-07,142
6,2014-10-28,2019-04-10,663
6,2014-03-01,2014-03-08,717
6,2017-12-13,2017-12-26,659
6,2013-02-26,2013-03-15,395
6,2018-12-31,2019-04-10,1143
6,2012-11-02,2016-04-13,334
6,2017-01-22,2017-01-27,868
6,2009-10-28,2010-04-14,778
6,2016-11-07,2017-01-04,650
6,2012-11-02,2018-04-11,191
6,2014-10-28,2015-03-22,89
6,2013-02-23,2013-04-17,285
6,2016-10-28,2018-04-11,130
6,2009-10-28,2011-04-13,296
6,2016-02-19,2016-04-06,449
6,2015-10-28,2017-04-08,418
6,2016-10-28,2017-03-27,649
6,2014-10-30,2016-02-08,567
6,2010-10-28,2012-04-26,136
6,2016-10-26,2019-04-10,366
6,2016-11-07,2017-04-10,643
6,2012-01-27,2012-04-26,155
6,2012-02-20,2012-04-26,64
6,2012-11-04,2013-04-17,328
6,2014-10-28,2016-04-13,604
6,2014-03-01,2016-04-13,671
6,2013-02-23,2014-04-16,286
6,2009-10-28,2012-04-07,436
6,2012-11-02,2014-04-16,215
6,2010-12-21,2012-04-26,33
6,2014-10-28,2018-02-06,681
6,2016-02-19,2016-04-13,275
6,2014-10-28,2019-04-10,310
6,2010-12-20,2011-04-10,516
6,2011-12-25,2014-02-19,14
6,2012-11-04,2013-02-20,212
6,2010-12-20,2013-02-04,128
6,2018-10-19,2019-03-05,1136
6,2012-02-03,2013-02-20,154
6,2009-10-28,2013-02-20,102
6,2009-10-28,2014-04-11,444
6,2017-12-13,2018-04-11,1204
6,2018-10-19,2019-04-10,956
6,2013-10-29,2014-04-16,51
6,2010-12-20,2012-04-25,325
6,2015-10-28,2016-04-13,94
6,2009-10-28,2011-01-21,788
6,2016-10-26,2017-03-20,283
6,2018-10-17,2019-04-05,919
6,2016-12-02,2017-04-12,190
6,2017-10-18,2019-04-07,1088
6,2017-10-18,2019-01-29,969
6,2012-11-02,2013-02-13,307
6,2011-12-26,2012-04-26,568
6,2016-01-18,2016-02-05,1194
6,2017-10-21,2019-04-10,1126
6,2012-11-02,2015-04-15,391
6,2011-12-29,2012-02-01,521
6,2014-10-28,2015-04-01,311
6,2010-11-18,2011-04-13,830
6,2009-10-28,2010-12-14,121
6,2017-04-04,2017-04-12,875
6,2015-10-28,2018-04-11,910
6,2017-10-20,2018-04-11,146
6,2009-10-28,2010-04-14,29
6,2012-11-07,2015-04-15,356
6,2018-11-02,2019-04-05,1060
6,2019-03-17,2019-04-10,580
6,2009-10-28,2010-12-12,162
6,2018-10-17,2019-01-31,1120
6,2012-11-02,2019-04-07,420
6,2017-04-04,2017-04-12,966
6,2010-10-28,2012-04-25,192
6,2018-02-22,2018-03-03,918
6,2009-11-16,2010-12-14,357
6,2018-03-09,2018-04-11,1237
6,2013-10-29,2014-04-16,38
6,2009-10-28,2012-04-25,382
6,2016-10-26,2017-02-13,446
6,2015-10-30,2016-04-13,626
6,2017-10-20,2018-04-11,27
6,2013-10-29,2013-12-27,98
6,2016-10-28,2017-04-12,902
6,2017-02-23,2019-04-10,291
6,2013-02-23,2016-02-05,183
6,2018-12-31,2019-03-25,1158
6,2013-10-29,2016-04-08,640
6,2009-10-28,2010-12-14,439
6,2011-12-25,2012-04-26,525
6,2017-10-21,2019-04-10,1011
6,2014-10-28,2015-04-15,424
7,2009-10-28,2010-04-04,395
7,2015-02-22,2015-03-22,411
7,2018-10-17,2019-03-18,1162
7,2010-10-27,2015-02-11,184
7,2013-10-30,2015-04-08,111
7,2010-11-09,2011-03-07,845
7,2011-02-27,2011-04-13,514
7,2010-11-04,2011-02-11,293
7,2015-11-11,2016-04-12,191
7,2012-02-20,2012-04-25,544
7,2013-10-30,2014-01-24,285
7,2019-04-03,2019-04-10,1091
7,2016-10-25,2017-02-25,449
7,2011-02-23,2017-04-12,77
7,2017-03-01,2017-04-12,955
7,2011-02-23,2011-04-12,158
7,2012-11-02,2013-04-17,294
7,2009-10-28,2010-04-14,136
7,2013-12-25,2013-12-28,724
7,2014-10-29,2016-04-12,630
7,2013-11-08,2015-04-15,401
7,2016-10-25,2019-01-27,69
7,2017-10-19,2019-04-10,1122
7,2012-04-25,2012-04-26,545
7,2009-10-28,2011-02-16,394
7,2009-10-28,2009-11-13,221
7,2009-10-28,2010-04-14,351
7,2019-02-03,2019-03-28,153
7,2019-02-03,2019-04-09,998
7,2011-03-02,2011-04-13,487
7,2016-10-25,2017-03-27,482
7,2015-10-28,2016-04-12,274
7,2017-10-19,2018-02-06,691
7,2010-04-04,2013-04-17,97
7,2014-02-27,2014-03-15,33
7,2010-02-20,2010-04-02,742
7,2009-11-18,2009-12-17,426
7,2018-02-11,2019-04-03,974
7,2017-10-19,2019-02-01,465
7,2017-10-19,2019-03-24,1185
7,2019-02-24,2019-04-10,960
7,2010-02-23,2012-04-18,557
7,2011-12-25,2014-12-12,196
7,2018-02-08,2019-04-10,1030
7,2010-03-17,2010-04-14,748
7,2012-02-19,2015-01-04,189
7,2012-11-02,2013-04-17,282
7,2009-10-28,2012-04-17,273
7,2017-10-24,2018-04-11,207
7,2012-11-02,2013-04-15,124
7,2014-10-29,2015-04-15,94
7,2011-12-28,2012-03-24,368
7,2014-01-05,2014-04-16,42
7,2015-10-28,2016-04-12,919
7,2011-12-28,2012-04-26,492
7,2016-02-22,2016-03-01,41
7,2016-10-25,2018-01-23,322
7,2019-02-11,2019-04-10,303
7,2009-12-18,2010-03-19,791
7,2009-10-28,2010-02-17,347
7,2014-11-22,2016-03-30,226
7,2011-12-25,2012-04-26,432
7,2016-10-25,2017-04-12,182
7,2019-01-28,2019-04-10,1010
7,2013-02-27,2014-02-01,233
7,2018-10-17,2019-04-10,1161
7,2015-11-02,2016-04-12,452
7,2015-10-28,2018-02-06,877
7,2012-11-02,2013-03-18,360
7,2015-10-28,2018-04-11,391
7,2015-01-15,2019-04-05,88
7,2010-10-27,2012-04-26,441
7,2015-01-07,2016-04-12,678
7,2009-10-31,2010-02-05,521
7,2015-01-15,2016-04-12,55
7,2018-02-08,2019-04-10,1037
7,2012-11-09,2013-03-29,263
7,2009-10-28,2010-02-16,766
7,2018-10-17,2019-04-10,910
7,2016-11-20,2017-04-12,922
7,2016-11-01,2017-04-12,958
7,2013-10-30,2014-02-21,39
7,2017-10-19,2018-04-11,76
7,2011-12-28,2012-04-26,478
7,2016-10-25,2017-11-08,976
7,2018-10-17,2019-04-10,1175
7,2009-10-28,2010-02-09,272
7,2018-10-17,2019-03-15,574
7,2012-11-02,2015-02-11,230
7,2013-04-17,2013-04-17,192
7,2014-10-29,2015-04-15,117
7,2017-10-19,2018-01-02,396
7,2012-11-02,2013-04-15,171
7,2010-10-27,2014-04-15,115
7,2011-02-25,2012-02-15,469
7,2015-03-22,2015-04-15,590
7,2015-10-28,2016-04-12,5
7,2010-10-27,2011-04-13,410
7,2016-10-25,2018-12-09,967
7,2012-11-02,2013-02-20,53
7,2010-10-27,2011-04-13,433
7,2014-10-29,2014-12-27,264
7,2015-10-28,2017-04-12,726
7,2010-02-20,2010-04-14,749
7,2014-10-29,2015-04-15,652
7,2014-02-27,2014-04-16,210
7,2010-11-28,2011-04-13,479
7,2011-03-01,2011-04-13,539
7,2013-04-12,2013-04-14,98
7,2011-12-28,2013-04-17,100
7,2016-01-29,2016-01-31,1200
7,2013-10-30,2019-01-30,673
7,2010-10-27,2011-02-16,87
7,2009-10-28,2012-04-22,61
7,2013-11-08,2014-04-16,602
7,2010-02-20,2010-04-11,558
7,2014-10-29,2015-03-22,582
7,2018-01-15,2019-01-30,710
7,2018-02-22,2018-03-31,939
7,2011-12-25,2014-04-15,301
7,2019-02-03,2019-02-05,142
7,2016-10-25,2018-02-06,938
7,2009-10-28,2011-02-16,63
8,2012-01-18,2013-11-13,253
8,2012-03-26,2013-04-17,50
8,2011-01-26,2011-04-13,711
8,2017-10-19,2018-04-09,1182
8,2009-10-28,2015-04-15,468
8,2009-10-28,2013-03-08,111
8,2015-10-30,2016-02-28,656
8,2011-12-28,2012-02-29,514
8,2009-10-28,2010-04-09,779
8,2013-11-01,2014-02-12,340
8,2012-03-28,2012-04-26,529
8,2015-10-28,2016-04-13,130
8,2014-11-21,2017-10-30,620
8,2017-10-19,2019-02-05,122
8,2009-10-28,2010-04-06,407
8,2018-10-29,2019-04-09,1118
8,2013-12-20,2015-04-11,114
8,2015-10-28,2017-04-12,219
8,2013-10-30,2013-11-26,366
8,2018-10-17,2019-04-09,354
8,2010-10-27,2010-11-19,790
8,2009-10-28,2018-04-11,399
8,2015-10-28,2017-04-12,185
8,2015-11-01,2019-02-05,893
8,2012-11-03,2012-11-28,68
8,2013-11-01,2014-04-16,700
8,2010-12-01,2013-01-28,83
8,2019-03-14,2019-04-09,592
8,2016-11-09,2019-04-09,873
8,2011-12-28,2012-04-26,493
8,2018-10-22,2019-02-05,323
8,2014-11-04,2015-04-08,392
8,2013-12-13,2015-04-15,44
8,2009-10-28,2010-04-14,128
8,2016-10-26,2018-04-11,890
8,2011-12-26,2012-04-26,473
8,2011-02-23,2016-04-08,290
8,2017-01-18,2017-02-08,416
8,2009-10-28,2010-11-19,207
8,2016-03-04,2016-04-13,178
8,2019-02-13,2019-04-09,368
8,2010-11-24,2012-03-26,91
8,2019-02-24,2019-04-09,190
8,2010-11-03,2011-04-13,615
8,2012-10-31,2013-04-17,447
8,2013-12-13,2014-04-14,34
8,2012-10-31,2018-12-12,132
8,2018-10-29,2019-04-09,1107
8,2009-10-28,2013-01-28,226
8,2010-10-29,2011-04-13,832
8,2013-11-01,2014-03-14,270
8,2012-04-06,2012-04-15,78
8,2018-10-17,2019-04-09,241
8,2012-10-31,2019-04-07,413
8,2012-10-31,2015-04-08,441
8,2010-10-27,2012-03-14,48
8,2010-10-27,2012-12-28,138
8,2017-11-17,2019-01-06,703
8,2014-10-29,2015-04-14,365
8,2014-11-21,2018-04-08,701
8,2015-10-28,2016-04-12,6
8,2018-02-11,2019-01-22,935
8,2017-12-20,2019-04-09,1186
8,2019-02-09,2019-04-09,197
8,2009-10-28,2010-04-14,254
8,2009-10-28,2010-11-16,739
8,2012-11-30,2013-03-20,162
8,2014-02-23,2014-04-16,110
8,2018-03-11,2018-03-13,1212
8,2015-11-01,2019-04-09,855
8,2017-10-19,2019-04-09,1079
8,2017-02-24,2017-04-12,389
8,2016-10-26,2019-04-09,954
8,2019-01-17,2019-03-28,920
8,2009-11-06,2010-04-12,804
8,2013-12-13,2017-04-12,342
8,2010-11-24,2010-11-26,814
8,2009-11-17,2010-01-02,803
8,2012-11-07,2013-12-06,117
8,2009-10-28,2010-04-14,818
8,2011-12-26,2012-03-07,542
8,2010-02-10,2011-04-10,2
8,2010-12-27,2011-01-04,840
8,2013-02-01,2013-12-06,223
8,2013-02-27,2013-04-06,448
8,2017-02-24,2019-04-07,446
8,2010-11-13,2012-04-26,552
8,2009-11-06,2011-04-08,782
8,2013-10-30,2014-04-16,100
8,2011-01-15,2011-01-24,498
8,2012-10-31,2017-02-12,291
8,2011-01-26,2011-02-13,543
8,2013-10-30,2015-04-15,260
9,2009-10-27,2014-02-19,243
9,2018-04-11,2018-04-11,1227
9,2014-12-22,2015-01-25,411
9,2016-03-12,2016-04-13,99
9,2018-12-25,2019-04-09,423
9,2016-10-28,2018-01-03,819
9,2010-10-26,2011-04-13,481
9,2018-02-25,2018-02-25,216
9,2018-12-13,2019-01-11,390
9,2009-11-02,2010-02-17,513
9,2017-11-22,2018-01-12,860
9,2009-10-27,2010-02-17,126
9,2012-10-31,2013-04-17,125
9,2018-10-17,2018-11-08,77
9,2011-12-29,2014-04-14,57
9,2009-10-27,2012-04-26,249
9,2016-12-26,2018-04-11,940
9,2019-03-24,2019-04-07,1153
9,2017-10-17,2019-04-09,208
9,2009-10-27,2015-11-06,114
9,2014-11-06,2019-04-09,682
9,2012-11-02,2013-02-13,401
9,2014-12-22,2017-02-15,329
9,2012-03-17,2012-04-26,509
9,2010-10-26,2012-04-26,69
9,2012-10-31,2012-12-29,144
9,2018-11-26,2019-04-09,1012
9,2009-10-27,2010-03-19,790
9,2011-03-16,2011-04-09,185
9,2017-10-18,2017-12-03,933
9,2012-11-10,2016-04-13,379
9,2013-10-30,2016-04-13,436
9,2012-03-26,2012-04-22,495
9,2016-10-26,2019-04-09,265
9,2013-03-03,2014-12-06,104
9,2010-02-09,2010-03-01,176
9,2018-10-17,2019-04-07,1077
9,2017-12-28,2019-04-09,298
9,2011-02-26,2012-04-26,168
9,2012-02-19,2014-01-11,56
9,2011-02-26,2012-03-14,244
9,2010-02-24,2010-04-07,730
9,2019-02-09,2019-04-07,196
9,2013-12-25,2017-10-25,598
9,2018-10-17,2019-03-26,1044
9,2017-04-02,2017-04-12,959
9,2010-10-26,2011-02-14,154
9,2013-01-04,2013-04-15,242
9,2018-10-17,2019-02-06,612
9,2012-10-31,2019-04-09,359
9,2019-01-16,2019-01-19,714
9,2010-02-21,2011-02-02,273
9,2014-10-28,2016-04-13,203
9,2011-12-26,2012-02-06,403
9,2012-10-31,2014-04-14,368
9,2009-11-02,2010-12-11,823
9,2018-02-14,2018-04-11,428
9,2010-01-25,2015-04-15,615
9,2011-12-29,2012-03-14,524
9,2014-02-25,2014-04-16,393
9,2010-02-24,2012-03-14,347
9,2014-04-16,2014-04-16,721
9,2014-12-26,2016-04-13,222
9,2015-02-21,2017-02-11,611
9,2019-01-21,2019-04-07,202
9,2010-02-20,2012-03-11,425
9,2014-10-28,2015-04-15,698
9,2009-10-27,2012-04-21,413
9,2016-10-28,2017-04-12,895
9,2017-02-23,2017-04-12,365
9,2017-10-17,2018-04-10,49
9,2009-10-27,2012-04-26,6
9,2012-03-18,2012-04-22,263
9,2011-12-26,2013-02-13,81
9,2015-11-01,2016-02-10,17
9,2018-02-03,2018-02-11,616
9,2018-10-30,2019-02-02,983
9,2016-03-05,2016-04-13,76
9,2018-10-17,2018-12-19,580
9,2009-12-23,2011-04-09,737
9,2015-10-28,2017-04-10,946
9,2016-10-26,2019-04-09,54
9,2014-11-01,2015-04-15,647
9,2012-10-31,2014-04-14,133
9,2013-10-30,2014-04-16,163
9,2017-10-17,2019-04-09,389
9,2015-02-21,2015-04-15,230
9,2013-01-15,2017-04-12,331
9,2010-12-15,2013-02-13,342
9,2009-10-27,2009-11-11,803
9,2018-01-15,2018-04-11,934
9,2014-01-18,2014-04-16,627
9,2013-11-01,2014-01-29,53
9,2016-10-26,2018-04-03,382
9,2015-10-28,2017-04-02,859
9,2011-12-26,2012-04-26,264
9,2012-11-28,2013-01-04,374
9,2009-10-27,2011-02-23,67
9,2014-10-28,2018-04-11,680
9,2012-11-10,2019-03-08,201
9,2011-01-02,2012-03-07,257
9,2013-02-27,2013-04-14,205
9,2013-03-03,2013-04-05,204
9,2018-04-01,2018-04-10,912
9,2012-10-31,2013-02-08,61
9,2009-12-15,2009-12-23,558
9,2009-10-27,2018-04-10,9
9,2014-03-05,2014-12-18,571
9,2017-04-02,2017-11-27,939
9,2015-10-28,2016-02-29,30
9,2016-10-26,2017-02-11,587
9,2018-11-15,2019-01-21,1160
9,2010-01-31,2010-03-07,318
9,2010-10-26,2010-11-10,847
9,2017-10-21,2018-10-30,1133
10,2010-11-03,2010-11-14,59
10,2016-03-02,2016-04-13,101
10,2009-10-28,2011-04-13,772
10,2013-01-25,2015-04-15,70
10,2014-02-26,2015-01-14,340
10,2015-10-30,2016-04-13,952
10,2010-10-27,2010-11-01,507
10,2012-03-23,2016-04-13,397
10,2017-10-18,2018-04-11,1210
10,2016-10-25,2019-04-10,991
10,2010-03-12,2010-03-16,793
10,2018-10-20,2019-03-15,1059
10,2010-11-10,2011-04-12,442
10,2011-12-26,2015-04-15,219
10,2014-04-03,2014-04-16,457
10,2010-11-17,2018-04-11,354
10,2018-10-17,2019-04-07,45
10,2017-11-05,2018-02-13,924
10,2016-10-25,2017-04-12,351
10,2015-10-28,2016-04-12,271
10,2016-10-25,2019-04-10,886
10,2009-10-28,2013-04-17,316
10,2018-10-17,2019-04-10,399
10,2016-10-29,2018-04-11,978
10,2012-04-25,2012-04-26,491
10,2017-10-18,2019-04-10,1152
10,2016-10-25,2017-04-12,671
10,2019-04-05,2019-04-10,379
10,2018-10-20,2019-04-10,1015
10,2012-02-21,2012-03-23,538
10,2010-03-17,2010-11-03,176
10,2010-10-27,2013-04-17,159
10,2009-10-28,2011-04-13,349
10,2010-01-10,2010-04-14,308
10,2012-01-05,2012-01-08,485
10,2010-11-24,2011-01-04,745
10,2015-01-18,2015-01-23,625
10,2018-10-17,2019-04-10,890
10,2010-10-27,2012-12-17,242
10,2013-10-30,2015-04-15,73
10,2017-01-23,2017-04-08,74
10,2017-10-18,2018-04-11,660
10,2015-11-14,2017-04-12,969
10,2012-03-24,2012-03-25,78
10,2011-12-26,2018-01-13,241
10,2009-10-28,2010-04-14,464
10,2016-03-10,2016-04-13,425
10,2014-11-06,2018-04-11,675
10,2015-10-28,2019-04-10,12
10,2011-01-16,2011-02-01,502
10,2019-01-03,2019-04-10,1006
10,2012-01-13,2014-01-19,79
10,2009-11-09,2010-04-12,799
10,2009-10-28,2018-04-11,165
10,2013-10-30,2019-04-10,254
10,2009-11-25,2010-01-16,789
10,2009-10-28,2016-04-13,21
10,2017-11-11,2018-03-12,1217
10,2009-10-28,2010-02-26,761
10,2012-11-03,2014-02-19,110
10,2016-10-25,2016-12-23,982
10,2011-03-04,2014-01-29,713
10,2012-03-27,2019-04-10,256
10,2016-10-25,2019-02-24,377
10,2018-10-20,2019-04-10,261
10,2015-10-30,2016-03-08,542
10,2015-10-30,2016-02-27,702
10,2015-01-28,2015-04-12,375
10,2009-10-28,2012-03-14,20
10,2009-10-28,2010-04-14,410
10,2017-10-18,2019-04-10,223
10,2014-02-01,2014-02-21,210
10,2012-03-17,2013-04-06,344
10,2011-02-08,2011-04-13,100
10,2011-12-26,2012-03-07,511
10,2009-10-28,2010-02-06,767
10,2010-11-01,2015-04-03,287
10,2009-10-28,2016-04-12,367
10,2009-10-28,2018-04-11,72
11,2012-10-31,2013-02-26,243
11,2013-12-13,2014-04-16,253
11,2019-02-08,2019-04-02,345
11,2015-02-20,2015-04-15,101
11,2009-10-28,2010-04-13,528
11,2016-10-26,2017-04-11,450
11,2010-10-30,2010-11-27,779
11,2016-10-26,2017-04-12,191
11,2019-04-10,2019-04-10,1028
11,2013-10-30,2019-01-22,570
11,2009-10-30,2011-04-13,285
11,2017-10-23,2019-04-10,1131
11,2018-02-26,2018-04-09,620
11,2017-02-23,2019-04-10,898
11,2019-04-02,2019-04-10,1031
11,2010-02-20,2015-04-15,126
11,2015-10-28,2016-04-11,419
11,2011-12-26,2013-12-07,114
11,2013-03-03,2013-04-17,401
11,2019-02-21,2019-04-10,329
11,2010-10-27,2011-04-13,802
11,2014-10-29,2017-04-07,156
11,2015-02-21,2015-04-15,645
11,2015-03-30,2015-04-01,635
11,2017-10-18,2019-04-10,1001
11,2010-10-27,2017-02-15,371
11,2013-11-29,2015-04-15,274
11,2009-10-28,2009-11-04,833
11,2010-02-21,2010-03-28,68
11,2009-10-28,2012-04-26,496
11,2016-04-13,2016-04-13,1189
11,2014-11-26,2016-04-13,592
11,2010-02-16,2013-02-19,104
11,2017-10-21,2019-04-10,1112
11,2010-03-03,2018-03-19,176
11,2017-10-18,2018-02-05,349
11,2016-11-05,2018-02-02,925
11,2013-10-30,2013-12-07,44
11,2013-11-01,2013-12-18,547
11,2019-02-08,2019-04-10,315
11,2018-10-17,2019-03-21,1062
11,2010-10-27,2012-04-11,480
11,2010-01-18,2010-02-05,730
11,2018-10-17,2019-02-04,196
11,2009-11-07,2010-04-12,745
11,2011-12-26,2014-04-16,187
11,2011-12-26,2012-03-13,305
11,2017-10-21,2018-04-11,639
11,2017-11-18,2018-04-11,607
11,2015-10-28,2016-04-13,242
11,2012-10-31,2013-04-05,290
11,2014-03-31,2014-04-16,453
11,2009-10-28,2015-04-15,178
11,2010-12-21,2011-04-06,823
11,2011-12-26,2014-02-19,41
11,2010-02-20,2010-03-26,615
11,2011-12-26,2013-12-07,34
11,2009-10-28,2010-04-13,551
11,2016-11-05,2016-11-06,536
11,2017-10-18,2019-02-04,1154
11,2009-11-02,2010-01-16,783
11,2009-10-28,2010-02-17,425
11,2015-10-28,2019-04-05,147
11,2017-02-25,2017-04-12,678
11,2013-11-02,2013-11-24,49
11,2010-10-27,2011-03-16,777
11,2016-10-26,2018-01-25,935
11,2015-10-28,2016-03-25,254
11,2011-02-25,2014-02-12,17
11,2018-10-17,2019-04-10,1067
11,2016-10-26,2017-02-15,29
11,2018-10-17,2019-04-10,931
11,2018-04-01,2018-04-11,1212
11,2014-10-29,2015-04-15,597
11,2009-10-28,2017-01-13,163
11,2014-02-28,2014-03-12,269
11,2013-02-24,2013-12-07,342
11,2010-10-27,2011-04-11,834
11,2013-12-15,2016-04-13,117
11,2015-01-17,2015-02-07,255
11,2015-10-28,2016-04-05,421
11,2014-10-29,2015-02-11,396
11,2013-12-06,2015-04-15,702
11,2014-02-23,2015-04-10,2
11,2014-03-21,2014-03-26,723
11,2013-12-13,2017-01-18,223
11,2014-10-29,2015-04-15,409
11,2010-10-29,2011-04-13,264
11,2009-10-28,2010-04-12,795
11,2009-10-28,2010-02-17,749
11,2015-10-30,2016-04-13,583
11,2015-04-07,2015-04-10,642
11,2016-11-05,2019-02-06,917
11,2009-10-28,2010-03-30,299
11,2012-03-24,2012-04-26,257
11,2012-10-31,2013-02-19,205
11,2013-02-27,2013-04-15,61
11,2011-12-26,2014-04-16,276
11,2018-10-26,2019-04-10,939
11,2016-10-26,2017-04-11,30
11,2011-12-31,2013-02-13,65
11,2009-10-28,2017-04-07,139
11,2017-10-18,2018-04-11,439
11,2015-10-28,2019-04-10,929
11,2018-10-17,2019-04-10,851
11,2017-10-20,2018-03-19,43
12,2009-10-27,2010-02-16,751
12,2010-10-27,2011-04-13,455
12,2016-11-09,2017-04-05,50
12,2016-02-20,2016-03-09,1193
12,2019-02-07,2019-03-28,1100
12,2013-11-24,2014-02-09,140
12,2015-01-16,2018-04-11,423
12,2018-02-03,2019-02-05,266
12,2009-10-27,2011-02-22,544
12,2010-10-27,2018-01-28,461
12,2018-02-22,2019-02-03,952
12,2010-01-27,2010-04-14,819
12,2012-02-28,2012-04-22,507
12,2015-12-28,2016-04-13,1202
12,2016-10-30,2017-04-12,296
12,2010-10-29,2012-03-01,513
12,2009-11-18,2010-04-12,566
12,2017-02-23,2017-12-18,853
12,2013-10-31,2014-02-01,343
12,2017-11-10,2018-04-11,1096
12,2014-12-03,2016-04-13,649
12,2011-12-25,2013-04-17,419
12,2011-12-25,2013-04-17,158
12,2014-10-30,2015-01-11,280
12,2009-10-27,2011-04-06,335
12,2011-12-25,2017-04-12,208
12,2015-10-28,2016-04-13,401
12,2012-01-16,2012-01-22,509
12,2009-10-27,2011-04-13,549
12,2013-03-19,2013-03-20,462
12,2015-01-16,2015-04-14,62
12,2017-10-19,2019-04-10,394
12,2014-03-04,2014-03-27,435
12,2014-01-06,2014-01-25,211
12,2013-10-29,2014-04-16,156
12,2009-10-27,2018-04-11,153
12,2016-10-30,2017-02-15,942
12,2010-02-22,2010-04-08,16
12,2014-10-30,2015-04-05,247
12,2010-10-27,2013-04-17,231
12,2009-10-27,2011-04-13,265
12,2019-02-09,2019-04-10,176
12,2014-02-26,2015-04-14,14
12,2013-01-12,2013-04-16,7
12,2014-01-17,2015-04-14,128
12,2010-12-22,2011-04-13,485
12,2019-02-09,2019-04-10,899
12,2013-10-29,2017-04-12,102
12,2019-02-09,2019-04-10,625
12,2012-10-31,2017-04-12,338
12,2011-02-28,2011-04-13,484
12,2010-01-25,2010-01-25,820
12,2017-11-20,2017-12-26,1216
12,2014-11-02,2015-01-03,453
12,2013-10-29,2014-04-16,66
12,2010-10-27,2011-01-19,771
12,2017-10-30,2018-03-27,1066
12,2016-01-24,2016-04-13,73
12,2016-02-20,2016-04-13,283
12,2018-10-26,2019-04-10,1072
12,2019-01-04,2019-04-07,1005
12,2014-10-30,2015-01-11,536
12,2015-02-27,2015-04-14,393
12,2015-10-28,2016-01-16,222
12,2009-10-28,2009-11-17,738
12,2012-02-08,2012-04-25,233
12,2012-10-31,2013-04-17,386
12,2015-10-28,2016-02-10,106
12,2019-02-09,2019-04-10,1087
12,2015-03-29,2015-04-14,483
12,2017-10-19,2019-04-10,365
12,2015-10-29,2018-10-23,49
12,2013-03-10,2014-01-10,116
12,2018-10-17,2019-02-05,121
12,2009-10-27,2010-02-10,263
12,2009-11-11,2010-04-14,786
12,2016-10-27,2017-04-12,146
12,2012-11-02,2015-04-14,29
12,2018-10-17,2019-02-05,92
12,2017-10-19,2018-12-15,1094
12,2011-02-28,2012-04-25,434
12,2017-10-19,2019-04-10,946
12,2015-03-08,2015-03-22,272
12,2012-03-18,2012-04-25,369
12,2015-10-29,2016-04-13,230
12,2017-10-19,2019-04-10,331
12,2015-10-28,2017-04-12,319
12,2010-10-27,2012-04-25,8
12,2009-10-27,2011-02-25,542
12,2016-10-27,2017-04-12,115
12,2013-10-29,2015-01-11,694
12,2012-01-07,2012-04-25,2
12,2009-10-27,2010-02-09,828
12,2012-10-31,2013-04-16,433
12,2010-10-27,2012-03-21,559
12,2012-10-31,2014-04-16,409
12,2017-10-19,2018-04-11,859
12,2014-02-05,2014-02-09,726
12,2018-03-04,2018-03-20,569
12,2009-10-27,2010-01-20,448
12,2018-10-17,2019-04-10,1093
12,2017-10-19,2019-04-10,1188
12,2012-01-04,2012-02-01,98
12,2014-10-30,2015-04-14,299
12,2013-12-11,2014-01-04,344
12,2010-02-17,2010-04-14,10
12,2009-10-28,2010-04-14,100
12,2018-02-03,2019-02-05,183
12,2011-12-28,2012-03-21,533
12,2010-02-22,2010-04-14,276
12,2011-12-28,2012-04-24,555
12,2018-01-06,2019-04-10,1178
12,2015-10-28,2018-04-11,314
12,2012-10-31,2014-04-16,424
12,2017-10-19,2018-01-24,988
12,2010-11-01,2011-02-26,849
12,2019-03-11,2019-04-10,63
13,2015-03-21,2015-03-30,200
13,2011-02-27,2011-04-13,243
13,2016-03-17,2018-04-03,943
13,2009-10-30,2009-12-21,753
13,2017-10-18,2018-04-10,1209
13,2013-10-30,2018-04-10,596
13,2009-10-28,2010-04-14,184
13,2014-10-29,2014-12-15,450
13,2013-10-30,2016-04-13,651
13,2015-01-11,2015-04-10,216
13,2015-02-21,2017-02-15,390
13,2015-12-30,2016-01-02,668
13,2009-10-28,2014-04-16,567
13,2016-03-09,2016-04-13,249
13,2015-11-14,2016-01-27,591
13,2017-12-09,2018-04-10,1012
13,2018-01-14,2018-04-10,1102
13,2018-10-22,2019-04-09,1114
13,2018-10-17,2019-03-30,1165
13,2016-11-19,2017-11-24,977
13,2015-10-28,2019-04-03,907
13,2012-11-05,2013-04-17,60
13,2013-11-01,2014-04-16,722
13,2016-10-26,2019-04-09,911
13,2010-04-13,2010-04-14,825
13,2010-11-17,2015-04-14,97
13,2009-10-28,2010-12-17,33
13,2018-02-10,2018-03-26,681
13,2018-10-17,2019-04-09,1038
13,2017-04-09,2017-04-11,633
13,2019-01-27,2019-01-29,1046
13,2013-10-30,2017-10-21,231
13,2018-12-31,2018-12-31,592
13,2010-12-31,2010-12-31,848
13,2010-11-03,2011-04-11,843
13,2018-12-11,2018-12-11,1057
13,2013-10-30,2015-04-14,298
13,2009-10-28,2015-02-10,168
13,2009-10-28,2012-04-24,7
13,2017-11-16,2018-01-29,323
13,2010-10-26,2012-04-25,193
13,2013-03-06,2013-04-17,134
13,2010-10-26,2010-12-17,128
13,2017-12-16,2018-11-27,598
13,2014-10-29,2015-02-10,187
13,2013-11-01,2014-04-16,154
13,2018-10-20,2019-04-09,338
13,2009-10-28,2018-04-10,66
13,2017-03-19,2017-03-28,985
13,2009-10-30,2010-04-14,771
13,2009-11-01,2010-12-17,325
13,2018-12-11,2019-02-13,1066
13,2015-04-02,2015-04-14,631
13,2012-10-31,2013-04-10,376
13,2019-03-23,2019-04-09,41
13,2016-02-25,2016-12-15,303
13,2015-10-28,2016-04-13,355
13,2016-01-29,2016-02-19,916
13,2010-10-26,2012-04-25,372
13,2018-02-02,2018-02-12,1203
13,2017-10-18,2019-04-09,1125
13,2018-12-19,2019-03-16,957
13,2012-11-04,2013-04-17,157
13,2016-02-19,2016-02-25,297
13,2009-10-28,2017-03-24,48
13,2016-01-12,2016-01-27,703
13,2009-10-28,2010-04-14,55
13,2012-10-31,2013-04-17,6
13,2012-11-04,2013-02-10,330
13,2010-12-23,2013-03-06,121
13,2013-02-22,2015-04-12,81
13,2015-02-23,2015-04-07,17
13,2011-12-26,2016-02-10,362
13,2016-10-26,2018-04-06,983
13,2012-10-31,2013-04-17,76
13,2012-01-12,2012-04-25,474
13,2010-12-23,2011-03-23,162
13,2018-10-17,2019-04-09,1095
13,2017-10-18,2017-12-20,326
13,2013-10-30,2015-02-10,145
13,2015-10-28,2016-04-13,82
13,2016-02-06,2016-02-10,269
13,2012-10-31,2017-02-15,389
13,2016-02-21,2016-03-10,704
13,2019-01-08,2019-01-25,117
13,2019-03-09,2019-04-09,1073
13,2015-01-25,2015-04-10,694
13,2018-10-20,2019-04-03,874
13,2009-11-27,2012-04-25,5
13,2011-12-26,2017-04-11,38
13,2018-10-17,2018-12-04,382
13,2011-12-26,2013-02-10,448
13,2015-03-11,2015-03-15,583
13,2011-12-26,2013-04-17,210
13,2018-02-23,2018-04-10,1074
13,2014-03-02,2015-01-04,304
13,2015-10-28,2016-03-03,782
13,2009-10-28,2012-04-25,179
13,2017-10-18,2019-01-22,1078
13,2014-11-09,2017-04-11,606
13,2009-11-04,2010-03-16,810
13,2018-10-17,2018-12-13,9
13,2017-10-18,2019-04-09,571
13,2014-10-29,2015-01-31,587
13,2019-02-08,2019-03-13,689
13,2016-10-26,2018-04-10,884
13,2015-10-28,2018-10-31,301
13,2013-11-03,2014-02-21,172
13,2010-12-29,2011-04-13,439
13,2012-11-02,2013-04-17,314
13,2011-01-11,2011-04-11,841
13,2014-11-15,2015-02-05,628
14,2014-04-11,2014-04-16,717
14,2017-04-02,2017-04-12,880
14,2014-10-29,2014-12-15,411
14,2009-12-07,2010-02-20,741
14,2017-10-18,2019-04-10,468
14,2009-10-28,2012-04-23,235
14,2010-10-27,2012-03-07,528
14,2011-04-05,2011-04-13,837
14,2012-11-05,2014-03-12,131
14,2017-10-18,2019-04-09,1151
14,2019-02-08,2019-04-10,952
14,2013-11-02,2014-12-06,654
14,2014-02-24,2014-04-12,343
14,2015-12-23,2016-04-05,126
14,2014-03-24,2014-04-16,725
14,2013-02-26,2013-04-09,1
14,2017-01-14,2017-02-06,955
14,2014-10-29,2014-11-14,96
14,2015-10-28,2016-04-12,871
14,2019-01-15,2019-02-02,329
14,2010-11-24,2012-04-26,562
14,2012-10-31,2013-04-17,333
14,2013-10-30,2014-01-06,155
14,2016-10-26,2018-11-09,930
14,2014-03-15,2014-03-22,105
14,2013-10-30,2013-11-18,211
14,2010-10-27,2011-02-23,797
14,2018-03-21,2019-01-02,933
14,2014-01-15,2014-02-01,671
14,2012-10-31,2013-04-17,167
14,2014-11-13,2014-12-01,618
14,2013-11-20,2014-04-16,561
14,2009-10-28,2016-04-10,295
14,2014-02-24,2014-03-12,85
14,2016-11-02,2018-04-11,275
14,2010-10-27,2014-02-18,214
14,2010-04-09,2012-02-28,554
14,2014-12-15,2015-04-13,683
14,2017-11-11,2019-04-10,1042
14,2016-10-26,2017-04-12,13
14,2015-03-14,2015-04-15,666
14,2019-04-06,2019-04-10,323
14,2019-01-08,2019-04-10,1168
14,2014-02-24,2015-04-15,324
14,2013-11-01,2017-01-03,624
14,2015-02-22,2016-04-05,598
14,2015-02-23,2016-04-13,154
14,2017-10-18,2019-04-06,102
14,2014-10-29,2016-02-06,639
14,2015-02-20,2015-03-01,427
14,2017-11-20,2017-12-23,1235
14,2015-10-28,2017-11-07,883
14,2013-10-30,2014-04-16,242
14,2019-02-08,2019-04-03,612
14,2017-11-11,2018-01-05,575
14,2014-03-17,2014-04-05,714
14,2018-01-20,2018-03-21,662
14,2014-03-01,2014-04-16,169
14,2009-10-28,2011-04-13,505
14,2012-10-31,2015-04-11,325
14,2009-10-28,2010-04-14,94
14,2014-11-29,2016-10-29,696
14,2013-02-09,2013-03-29,458
14,2016-11-21,2018-02-09,91
14,2018-11-14,2019-04-09,195
14,2010-02-19,2012-04-26,190
14,2016-10-26,2019-04-06,996
14,2018-10-16,2019-04-09,1032
14,2019-02-10,2019-04-10,969
14,2009-10-30,2013-04-17,32
14,2017-02-25,2018-04-11,861
14,2017-03-03,2017-03-06,568
14,2013-04-03,2013-04-17,182
14,2019-03-05,2019-03-10,1137
14,2014-10-29,2015-02-09,611
14,2015-12-11,2016-04-13,157
14,2012-11-05,2013-02-20,412
14,2018-10-16,2019-02-05,1087
14,2015-01-16,2018-01-29,608
14,2012-01-07,2014-02-18,228
14,2013-11-20,2014-03-04,703
14,2009-10-28,2012-04-23,365
14,2014-10-31,2015-04-08,49
14,2012-10-31,2013-01-08,116
14,2014-12-10,2014-12-10,352
14,2014-10-29,2015-01-24,79
14,2018-02-14,2018-04-11,254
14,2017-10-18,2018-11-19,1092
14,2009-10-28,2011-04-13,146
14,2013-10-30,2015-02-03,580
14,2018-10-23,2019-02-05,619
14,2019-02-08,2019-04-10,92
14,2014-10-29,2017-02-15,613
14,2012-10-31,2013-04-17,369
14,2015-10-30,2017-12-04,597
14,2011-12-28,2012-04-26,420
14,2015-11-04,2015-12-02,704
14,2009-11-20,2010-02-09,809
14,2015-10-28,2018-04-11,874
14,2014-11-17,2018-11-09,627
14,2009-10-28,2010-04-14,754
14,2009-10-28,2013-04-10,229
14,2012-03-16,2012-04-26,209
14,2009-10-28,2010-04-14,264
14,2016-10-26,2017-03-26,749
14,2018-11-30,2019-04-10,1041
14,2017-03-06,2017-04-12,951
14,2013-01-21,2013-02-04,27
14,2016-03-12,2016-03-26,782
14,2010-10-27,2014-02-18,299
14,2015-10-28,2019-04-10,963
14,2009-10-28,2014-04-16,313
14,2015-02-25,2015-04-15,205
14,2017-03-28,2017-04-12,287
14,2015-02-06,2015-02-23,577
14,2016-10-29,2018-03-11,949
14,2019-02-08,2019-04-09,183
14,2010-10-29,2012-04-26,556
14,2013-10-30,2015-12-22,364
14,2017-12-09,2018-02-25,460
14,2009-10-28,2010-04-14,424
14,2018-11-03,2019-01-31,63
14,2012-04-25,2012-04-26,550
14,2019-03-25,2019-04-10,1080
15,2012-10-30,2013-04-17,200
15,2013-10-30,2014-04-16,395
15,2010-02-19,2011-02-23,751
15,2016-02-24,2016-04-13,50
15,2010-03-11,2010-12-18,59
15,2009-10-27,2012-03-18,186
15,2014-02-22,2015-02-11,101
15,2016-10-27,2017-02-13,334
15,2009-11-18,2010-02-09,140
15,2018-10-18,2018-12-14,423
15,2019-02-08,2019-04-09,913
15,2017-02-24,2017-04-12,634
15,2012-10-30,2019-04-09,103
15,2017-03-03,2017-04-12,449
15,2009-10-27,2010-02-09,28
15,2012-03-18,2012-04-26,513
15,2009-10-27,2010-02-09,419
15,2010-03-30,2013-04-17,47
15,2010-04-04,2010-04-14,793
15,2018-12-18,2019-04-09,955
15,2017-03-01,2018-02-23,970
15,2011-12-26,2014-04-12,373
15,2016-10-27,2017-04-12,892
15,2016-11-11,2016-11-11,990
15,2014-11-01,2016-02-11,316
15,2009-10-27,2010-02-09,181
15,2018-04-11,2019-04-09,1113
15,2009-10-27,2010-02-09,68
15,2014-03-01,2016-04-13,16
15,2018-11-02,2018-11-18,436
15,2012-10-30,2012-12-21,97
15,2009-11-14,2010-04-12,495
15,2012-03-21,2012-03-25,510
15,2012-10-30,2013-04-15,277
15,2013-10-30,2014-01-28,85
15,2009-10-27,2010-04-14,775
15,2012-12-26,2016-04-13,176
15,2015-10-28,2016-02-06,159
15,2019-01-21,2019-01-30,900
15,2009-10-27,2010-12-16,516
15,2013-11-12,2014-11-07,687
15,2010-10-28,2012-02-04,547
15,2010-10-28,2011-02-22,730
15,2016-11-26,2019-04-09,308
15,2016-02-28,2016-04-13,305
15,2009-10-27,2012-03-13,427
15,2019-02-08,2019-04-03,690
15,2010-02-17,2012-04-26,565
15,2012-01-08,2014-02-19,370
15,2012-10-30,2012-11-14,236
15,2015-10-30,2016-04-13,66
15,2015-12-26,2016-04-13,985
15,2013-03-12,2013-04-17,164
15,2016-10-27,2018-12-05,94
15,2018-10-18,2019-04-09,283
15,2017-10-18,2018-04-11,190
15,2019-02-02,2019-02-09,303
15,2010-10-28,2018-12-26,232
15,2011-02-25,2013-02-06,107
15,2018-10-18,2019-04-05,916
15,2010-02-17,2011-03-14,459
15,2015-10-30,2018-12-14,957
15,2010-11-16,2015-04-15,452
15,2010-10-28,2011-02-16,86
15,2014-10-29,2016-02-09,297
15,2011-04-06,2011-04-13,502
15,2010-10-28,2011-01-01,483
15,2013-10-30,2018-04-11,121
15,2016-03-11,2017-01-03,17
15,2016-02-19,2018-12-26,362
15,2012-10-30,2015-04-15,361
15,2011-02-25,2012-04-26,531
15,2011-02-25,2011-02-26,478
15,2010-02-24,2010-03-05,737
15,2009-11-06,2010-02-03,326
15,2009-10-27,2010-04-14,188
15,2017-10-18,2018-04-11,92
15,2012-04-18,2012-04-26,540
15,2011-01-22,2011-04-13,715
15,2012-03-21,2016-04-13,54
15,2009-10-30,2012-03-13,369
15,2018-11-23,2018-12-16,981
15,2011-03-18,2011-04-13,713
15,2013-12-06,2019-02-04,593
15,2009-10-31,2009-11-06,792
15,2014-10-29,2015-04-14,319
15,2010-02-17,2010-04-14,760
15,2015-02-20,2018-04-10,396
15,2009-10-27,2010-03-26,8
15,2010-12-22,2012-02-22,357
15,2014-10-29,2015-04-15,542
15,2011-12-26,2012-04-14,410
15,2018-12-22,2019-01-06,967
15,2011-12-26,2012-01-01,433
15,2015-12-02,2015-12-11,409
15,2018-12-10,2019-04-09,859
15,2010-02-26,2012-12-22,90
15,2016-10-27,2017-04-12,950
15,2011-12-26,2013-01-06,27
15,2018-10-24,2019-04-09,1083
15,2017-10-18,2018-04-11,577
15,2016-10-27,2019-04-09,987
15,2015-03-12,2015-03-23,602
15,2012-10-30,2019-03-26,9
15,2010-10-28,2014-04-16,460
15,2016-10-27,2017-04-12,710
15,2018-10-24,2019-04-09,1081
15,2019-02-08,2019-03-31,314
15,2015-03-27,2015-04-15,151
15,2010-10-28,2011-04-13,499
16,2015-10-28,2019-04-09,455
16,2013-11-01,2017-04-06,658
16,2015-02-25,2015-04-15,59
16,2009-10-27,2011-04-13,101
16,2018-10-30,2019-04-10,1108
16,2009-12-20,2009-12-22,450
16,2010-10-26,2012-02-01,522
16,2015-02-22,2015-04-09,191
16,2009-10-27,2011-04-12,93
16,2016-02-19,2016-04-13,306
16,2014-01-08,2019-04-09,707
16,2017-10-18,2019-01-30,1031
16,2011-02-01,2012-03-14,96
16,2014-10-29,2016-04-05,335
16,2015-11-15,2016-03-28,1190
16,2011-12-27,2012-04-26,549
16,2012-10-31,2019-04-09,84
16,2009-11-08,2011-02-23,45
16,2013-10-30,2015-04-01,167
16,2011-04-12,2011-04-13,97
16,2013-11-23,2014-04-16,321
16,2015-10-28,2018-04-11,83
16,2011-12-27,2012-03-07,561
16,2019-02-21,2019-04-09,465
16,2013-02-24,2013-04-17,85
16,2016-10-25,2019-04-09,214
16,2010-10-26,2010-11-02,775
16,2018-11-04,2019-04-10,1174
16,2018-04-05,2018-04-05,925
16,2015-11-11,2016-04-09,13
16,2011-02-27,2012-03-14,336
16,2009-10-27,2009-12-05,719
16,2012-03-20,2012-04-23,244
16,2012-03-23,2013-04-17,305
16,2016-11-01,2019-04-10,903
16,2011-12-26,2012-04-21,338
16,2012-10-31,2013-03-10,273
16,2011-03-01,2011-03-17,771
16,2009-12-22,2010-04-14,73
16,2009-11-06,2010-04-14,91
16,2012-11-02,2015-04-15,217
16,2009-10-27,2012-04-26,218
16,2012-03-20,2012-04-26,524
16,2017-02-15,2019-03-25,589
16,2009-10-29,2010-04-14,292
16,2011-12-26,2012-04-26,360
16,2009-10-27,2015-04-15,12
16,2015-10-30,2016-04-13,1198
16,2010-11-01,2013-04-16,288
16,2010-02-19,2012-03-14,263
16,2009-10-27,2010-04-14,361
16,2015-10-28,2017-02-09,601
16,2015-10-28,2019-04-09,356
16,2012-10-31,2019-04-10,170
16,2013-10-30,2014-04-13,434
16,2010-01-25,2015-04-13,380
16,2018-10-18,2019-01-26,597
16,2015-10-28,2018-02-05,574
16,2011-12-26,2013-04-12,350
16,2015-10-30,2018-04-11,867
16,2010-01-04,2011-04-13,256
16,2011-12-26,2012-04-23,115
16,2013-10-30,2015-04-15,5
16,2019-02-07,2019-04-09,638
16,2012-11-03,2013-02-13,38
16,2009-10-27,2011-04-13,564
16,2012-10-31,2013-04-17,237
16,2010-11-06,2011-02-14,817
16,2018-10-18,2019-04-09,583
16,2016-10-27,2018-04-11,626
16,2010-01-02,2010-01-13,304
16,2019-02-13,2019-04-10,917
16,2009-10-27,2015-04-15,10
16,2013-10-30,2015-02-11,205
16,2015-04-03,2016-02-10,577
16,2016-11-09,2017-04-12,912
16,2010-03-12,2010-04-14,763
16,2009-10-27,2009-11-14,276
16,2012-11-03,2015-02-11,240
16,2018-03-06,2019-01-30,973
16,2010-10-26,2015-03-05,142
16,2012-11-02,2015-02-11,327
16,2017-10-20,2019-04-10,1047
17,2010-10-27,2013-04-17,341
17,2011-12-27,2018-11-26,345
17,2009-10-28,2011-03-23,224
17,2013-11-29,2013-12-16,108
17,2012-04-14,2012-04-26,530
17,2016-10-25,2017-04-12,397
17,2013-11-05,2014-03-30,23
17,2015-02-27,2015-04-15,668
17,2009-12-04,2012-04-08,122
17,2009-10-28,2010-04-13,398
17,2015-02-04,2016-04-13,96
17,2014-10-29,2019-03-14,637
17,2018-03-25,2018-04-05,645
17,2012-02-29,2013-04-15,185
17,2009-10-28,2011-02-16,258
17,2011-02-25,2019-04-09,152
17,2011-02-25,2012-04-26,415
17,2013-11-13,2014-04-16,60
17,2017-10-18,2019-04-09,1049
17,2010-10-27,2013-04-03,321
17,2017-10-18,2019-04-10,247
17,2015-01-05,2015-12-31,633
17,2015-01-07,2015-01-24,561
17,2011-12-27,2015-02-11,465
17,2009-10-28,2009-12-21,85
17,2016-01-27,2016-02-10,617
17,2018-02-05,2018-03-13,1223
17,2010-10-27,2011-04-13,554
17,2016-10-25,2017-04-12,349
17,2018-01-30,2019-04-10,964
17,2010-10-27,2017-04-12,454
17,2015-02-27,2015-04-15,648
17,2018-10-22,2019-04-10,1069
17,2013-11-01,2015-03-25,610
17,2016-01-16,2016-01-22,1191
17,2015-02-27,2015-04-15,607
17,2018-02-11,2019-04-10,227
17,2011-12-27,2013-11-11,402
17,2015-10-31,2017-04-12,708
17,2010-10-27,2015-04-15,456
17,2015-03-10,2015-03-12,578
17,2014-10-29,2019-04-10,692
17,2016-10-25,2018-02-07,428
17,2016-10-30,2017-04-10,908
17,2013-10-30,2014-03-30,447
17,2017-10-24,2018-04-11,332
17,2011-12-27,2012-04-26,459
17,2012-10-31,2013-04-15,220
17,2009-10-28,2010-04-14,147
17,2009-12-14,2019-03-29,384
17,2011-04-01,2011-04-09,811
17,2009-10-28,2011-04-03,541
17,2014-01-31,2014-04-16,79
17,2011-03-09,2011-03-16,839
17,2012-10-31,2014-04-08,430
17,2009-10-28,2011-01-28,534
17,2013-10-30,2013-12-20,737
17,2012-10-31,2013-04-17,434
17,2017-11-17,2017-12-20,599
17,2017-12-26,2019-04-10,1179
17,2010-03-06,2010-04-14,713
17,2014-12-27,2015-01-02,693
17,2009-10-28,2013-04-17,385
17,2010-10-27,2012-04-26,512
17,2012-10-31,2013-04-17,8
17,2015-10-28,2019-04-03,979
17,2013-10-30,2014-04-16,20
17,2017-10-18,2019-04-05,120
17,2014-10-29,2018-02-07,638
17,2009-10-28,2010-02-17,53
17,2009-10-28,2011-03-28,38
17,2017-10-21,2019-04-10,1142
17,2013-10-30,2019-04-09,684
17,2016-02-21,2017-04-12,27
17,2014-10-30,2015-02-11,100
17,2010-01-06,2010-04-14,498
17,2017-10-18,2019-04-10,300
17,2015-10-30,2016-01-27,1199
17,2017-11-05,2019-04-10,1008
17,2015-01-03,2015-01-03,602
17,2014-10-29,2016-04-13,460
17,2013-11-20,2016-03-28,710
17,2015-10-28,2017-04-12,897
17,2019-01-07,2019-04-10,1040
17,2009-10-28,2010-04-14,142
18,2009-10-30,2012-01-25,46
18,2017-03-01,2017-03-03,909
18,2011-12-26,2013-02-20,285
18,2019-02-25,2019-04-10,1109
18,2009-10-30,2018-04-11,449
18,2013-10-30,2015-02-11,390
18,2010-12-08,2011-01-01,566
18,2018-10-17,2019-04-07,404
18,2009-10-31,2012-04-19,125
18,2013-10-30,2014-02-20,419
18,2009-10-30,2010-04-14,770
18,2015-10-28,2016-02-02,294
18,2010-11-27,2011-04-11,280
18,2015-03-07,2015-03-22,96
18,2014-03-15,2014-04-16,422
18,2018-10-17,2019-03-02,871
18,2010-10-27,2011-04-13,262
18,2017-10-20,2019-04-10,1000
18,2014-03-29,2014-04-04,716
18,2015-10-28,2016-04-13,1195
18,2009-10-30,2010-04-14,545
18,2012-01-07,2012-01-16,501
18,2010-04-14,2010-04-14,802
18,2017-10-21,2018-01-05,64
18,2018-10-17,2019-03-12,1117
18,2012-11-02,2013-01-05,286
18,2010-10-27,2013-04-06,16
18,2011-03-01,2011-03-16,97
18,2010-10-27,2011-04-13,495
18,2012-03-16,2014-04-02,247
18,2017-11-10,2019-04-07,231
18,2009-10-30,2019-04-10,275
18,2009-11-20,2010-01-20,554
18,2011-01-26,2011-02-14,176
18,2013-10-30,2014-02-18,159
18,2017-04-02,2017-12-16,900
18,2018-12-10,2019-04-10,349
18,2013-10-30,2019-04-07,586
18,2015-10-28,2017-10-26,323
18,2015-10-28,2016-04-13,44
18,2013-03-06,2013-04-17,212
18,2009-10-30,2010-02-09,193
18,2019-02-25,2019-03-02,598
18,2013-03-09,2013-04-17,154
18,2013-02-23,2013-04-17,102
18,2014-10-29,2018-04-11,690
18,2016-03-20,2016-03-25,453
18,2014-10-29,2015-04-12,66
18,2018-12-10,2019-01-16,94
18,2016-10-26,2018-04-11,203
18,2018-11-16,2018-12-14,1061
18,2014-02-22,2014-04-16,403
18,2010-01-20,2010-04-14,268
18,2014-10-29,2016-03-30,91
18,2009-11-03,2010-02-17,190
18,2017-11-18,2017-12-13,908
18,2012-11-03,2013-02-11,218
18,2012-11-07,2018-11-14,289
18,2010-02-19,2011-04-13,34
18,2014-12-17,2016-04-13,665
18,2010-10-29,2012-04-26,551
18,2011-12-26,2012-04-26,355
18,2015-01-29,2015-04-15,621
18,2014-10-31,2015-01-15,157
18,2015-01-09,2015-02-02,233
18,2010-10-27,2011-04-13,245
18,2013-10-30,2019-04-10,466
18,2009-10-30,2010-04-14,360
18,2010-10-27,2014-12-23,234
18,2009-10-30,2013-04-17,49
18,2009-10-30,2014-02-05,311
18,2016-10-26,2019-03-15,962
18,2012-11-02,2013-04-17,173
18,2018-01-20,2018-03-30,922
18,2016-10-26,2018-12-05,581
18,2016-10-26,2017-04-12,76
18,2015-02-25,2016-02-27,580
18,2009-10-30,2011-04-13,474
18,2011-12-26,2013-04-17,180
18,2015-02-22,2017-01-27,145
18,2013-11-12,2014-04-14,676
18,2016-10-26,2017-11-07,82
18,2012-03-16,2013-04-17,383
18,2013-10-30,2015-01-07,599
18,2019-02-21,2019-03-19,622
18,2013-10-30,2016-03-07,118
18,2018-10-19,2019-04-10,867
18,2019-03-04,2019-03-10,377
18,2010-02-24,2010-04-12,809
18,2014-02-22,2014-04-16,396
18,2015-10-28,2018-02-04,918
18,2009-10-30,2009-12-12,800
18,2010-02-20,2010-04-14,229
18,2012-11-02,2013-04-03,264
18,2017-12-22,2018-02-28,569
18,2018-03-05,2018-04-09,661
18,2011-12-26,2012-04-26,90
18,2017-03-03,2017-04-12,299
18,2011-12-26,2012-02-19,344
18,2017-10-20,2019-04-10,1104
18,2016-02-22,2016-12-31,100
18,2017-03-13,2017-03-26,201
18,2016-10-30,2019-01-21,921
18,2019-03-19,2019-04-10,577
18,2012-01-07,2013-02-06,183
18,2014-03-05,2014-03-11,728
18,2016-10-29,2019-03-24,623
18,2019-02-08,2019-02-11,1055
18,2015-02-20,2016-04-13,587
18,2018-02-06,2018-04-11,18
18,2018-01-20,2018-03-09,1201
18,2013-10-30,2015-04-15,406
19,2010-01-30,2011-04-13,253
19,2011-12-26,2014-04-16,455
19,2013-12-21,2017-04-12,711
19,2015-10-27,2016-03-28,59
19,2018-12-05,2018-12-21,926
19,2016-11-22,2016-12-08,868
19,2012-10-31,2019-03-24,317
19,2013-10-30,2014-04-16,378
19,2016-11-12,2016-11-16,651
19,2013-10-30,2013-11-08,650
19,2012-10-31,2015-01-09,423
19,2017-04-11,2017-04-12,909
19,2009-10-28,2010-01-13,819
19,2012-10-31,2014-04-16,306
19,2016-01-21,2016-02-23,1197
19,2016-10-26,2017-02-15,898
19,2011-02-25,2012-04-26,126
19,2011-12-26,2012-02-06,506
19,2017-10-28,2018-04-11,1214
19,2016-10-29,2019-04-09,863
19,2012-03-22,2012-04-01,96
19,2011-12-26,2012-04-15,335
19,2009-10-28,2011-04-13,208
19,2019-03-24,2019-04-09,871
19,2010-10-27,2011-04-13,744
19,2012-01-09,2012-02-04,462
19,2019-03-10,2019-04-09,1121
19,2014-12-04,2018-02-03,45
19,2012-10-31,2019-03-28,119
19,2009-10-28,2010-04-14,797
19,2009-10-28,2010-04-14,156
19,2012-04-18,2012-04-26,518
19,2010-12-05,2011-04-01,790
19,2009-10-28,2011-03-24,271
19,2018-01-10,2018-04-11,64
19,2017-02-23,2018-01-26,371
19,2009-10-28,2010-01-23,756
19,2012-12-16,2013-01-02,68
19,2012-02-10,2013-01-16,109
19,2017-01-07,2017-04-12,379
19,2016-10-26,2019-03-06,215
19,2018-10-17,2019-04-09,681
19,2015-03-07,2015-03-22,561
19,2009-10-28,2018-04-09,277
19,2011-12-26,2016-03-05,265
19,2018-10-17,2019-03-26,1063
19,2014-12-06,2014-12-10,688
19,2013-10-30,2014-04-11,392
19,2011-12-26,2013-04-14,44
19,2012-01-01,2012-04-24,212
19,2012-11-07,2012-11-07,193
19,2013-03-04,2013-03-09,324
19,2009-10-28,2009-12-14,730
19,2017-02-23,2017-03-11,624
19,2017-10-18,2019-04-09,610
19,2015-10-27,2015-12-23,154
19,2018-10-17,2019-04-09,883
19,2017-10-28,2017-12-11,1130
19,2017-10-22,2018-01-30,444
19,2016-03-30,2016-04-13,612
19,2009-10-28,2010-04-14,824
19,2014-04-11,2014-04-14,733
19,2010-11-22,2017-03-01,207
19,2010-02-05,2010-02-10,780
19,2010-10-27,2019-03-15,94
19,2012-03-09,2012-03-14,517
19,2013-11-01,2015-04-08,708
19,2012-04-11,2012-04-26,535
19,2010-10-27,2010-11-19,91
19,2014-10-28,2015-11-18,41
19,2014-10-28,2015-02-02,34
19,2017-03-06,2018-04-11,107
19,2016-03-26,2016-04-13,393
19,2013-11-16,2013-12-06,372
19,2017-10-28,2017-11-03,222
19,2013-10-30,2019-03-06,32
19,2009-10-28,2010-04-14,832
19,2018-10-17,2019-04-05,632
19,2015-10-27,2016-04-13,31
19,2018-10-17,2019-04-09,1139
19,2016-10-26,2016-11-04,106
19,2011-12-28,2013-11-10,88
19,2016-10-26,2017-02-15,678
19,2018-03-17,2018-04-04,608
19,2013-03-12,2013-12-27,55
19,2014-02-07,2016-04-11,288
19,2010-10-27,2012-04-26,254
19,2009-11-06,2011-02-16,17
19,2014-04-14,2014-04-16,732
19,2018-01-30,2018-02-05,326
19,2009-10-28,2010-04-14,829
19,2015-10-27,2015-10-28,272
19,2015-01-16,2015-02-02,599
19,2018-02-03,2019-01-23,622
19,2015-02-21,2016-03-07,438
19,2014-10-28,2018-01-30,133
19,2017-02-23,2017-02-23,163
19,2016-03-09,2016-03-16,269
19,2011-03-30,2011-04-13,844
19,2009-10-28,2010-11-19,814
19,2010-10-27,2010-11-22,803
19,2010-11-06,2015-04-15,261
19,2017-03-19,2017-04-12,856
19,2017-11-13,2018-04-11,421
19,2016-12-10,2017-02-25,375
19,2012-10-31,2013-04-17,5
19,2012-10-31,2013-04-17,410
19,2014-11-04,2015-01-02,641
19,2012-10-31,2016-03-18,382
19,2011-02-05,2011-02-11,237
19,2009-11-13,2010-03-01,817
19,2016-10-26,2019-04-09,646
19,2012-02-15,2012-03-07,98
19,2019-02-08,2019-04-03,995
19,2013-03-09,2013-04-17,250
19,2016-10-26,2017-02-08,201
19,2016-03-16,2019-02-14,577
19,2015-02-07,2016-04-13,61
19,2017-10-18,2017-12-10,278
19,2010-10-27,2012-04-07,9
19,2011-12-28,2012-01-18,543
19,2013-10-30,2017-02-15,139
19,2018-02-23,2018-03-09,1027
19,2017-03-14,2017-03-17,923
19,2018-10-26,2019-02-02,314
19,2010-10-27,2011-04-13,424
19,2012-01-25,2013-04-17,141
20,2013-11-06,2014-03-05,200
20,2017-10-24,2018-04-09,243
20,2015-02-20,2017-04-12,659
20,2009-10-28,2010-04-14,341
20,2010-01-26,2010-03-17,753
20,2012-11-02,2014-04-16,411
20,2015-11-05,2016-02-10,101
20,2012-11-02,2013-04-17,224
20,2014-10-29,2019-04-10,697
20,2014-10-29,2015-04-15,656
20,2018-04-01,2018-04-01,868
20,2011-02-25,2012-04-26,293
20,2010-10-27,2019-04-10,450
20,2015-04-07,2015-04-15,650
20,2012-01-29,2012-04-26,481
20,2012-11-02,2012-11-09,93
20,2016-10-26,2017-04-12,23
20,2009-10-28,2010-04-12,520
20,2018-10-20,2019-04-10,1096
20,2019-03-03,2019-04-10,1064
20,2012-11-02,2015-04-13,249
20,2013-01-19,2013-04-17,96
20,2016-10-26,2018-04-09,401
20,2009-10-28,2014-12-16,329
20,2009-10-28,2010-04-14,333
20,2015-10-28,2016-04-13,643
20,2012-11-02,2014-04-16,45
20,2018-11-14,2019-04-10,930
20,2010-02-21,2012-03-18,221
20,2018-03-11,2019-03-10,482
20,2011-12-26,2013-11-23,274
20,2015-02-20,2015-03-22,159
20,2014-11-14,2015-02-27,666
20,2013-11-01,2019-04-10,705
20,2016-03-02,2016-04-13,56
20,2012-11-02,2013-04-17,392
20,2019-01-30,2019-02-13,598
20,2011-12-26,2014-04-14,123
20,2017-10-18,2018-04-11,338
20,2018-10-26,2019-01-04,714
20,2018-11-04,2019-04-10,1184
20,2009-11-13,2009-11-13,780
20,2014-12-01,2015-01-05,403
20,2017-10-18,2019-03-10,248
20,2018-12-21,2019-04-05,91
20,2017-10-18,2018-11-09,195
20,2016-11-05,2016-11-19,447
20,2009-10-28,2011-04-11,524
20,2016-11-01,2017-04-04,347
20,2012-11-16,2012-12-14,459
20,2018-10-20,2019-04-10,1144
20,2015-03-09,2015-04-15,686
20,2018-04-01,2018-04-01,1137
20,2015-10-28,2019-04-07,878
20,2018-10-26,2019-04-10,1085
20,2015-02-25,2016-01-23,127
20,2009-12-04,2014-04-16,312
20,2013-10-30,2016-02-24,425
20,2010-10-27,2011-02-14,147
20,2016-10-26,2017-04-12,975
20,2017-02-08,2017-03-15,106
20,2010-10-29,2013-01-13,348
20,2015-01-28,2015-04-15,703
20,2012-11-04,2013-02-02,55
20,2013-11-30,2014-04-16,49
20,2010-10-27,2013-04-17,311
20,2018-10-26,2019-02-27,15
20,2012-03-10,2012-12-12,352
20,2017-10-24,2018-04-09,875
20,2010-12-14,2012-04-26,361
20,2010-11-03,2010-11-10,842
20,2010-10-27,2012-04-26,76
20,2013-01-19,2013-04-17,358
20,2015-01-09,2015-01-26,676
20,2019-04-09,2019-04-09,1106
20,2014-10-29,2015-02-09,434
20,2009-10-30,2010-03-14,812
20,2015-10-28,2018-04-11,931
20,2010-10-27,2016-01-31,52
20,2009-10-28,2010-04-04,765
20,2017-03-21,2017-04-12,163
20,2014-04-08,2014-04-09,713
20,2009-10-28,2010-04-14,396
20,2011-12-26,2017-04-11,120
20,2013-11-01,2015-04-15,576
20,2018-11-14,2018-12-31,627
20,2013-10-30,2014-11-14,433
20,2009-10-28,2010-04-14,559
20,2009-10-28,2010-04-14,409
20,2009-10-28,2010-04-14,237
20,2015-03-19,2015-03-27,569
20,2010-10-27,2011-03-09,448
20,2013-11-01,2018-02-23,661
20,2010-11-12,2011-01-01,498
20,2017-10-18,2019-03-19,129
20,2015-10-28,2016-04-11,19
20,2014-10-29,2015-02-11,313
20,2014-12-21,2015-02-09,571
20,2015-11-10,2019-04-10,887
20,2009-10-28,2012-04-26,177
20,2010-10-27,2012-04-26,314
20,2012-11-04,2012-11-14,318
20,2014-10-30,2017-02-03,655
21,2010-10-27,2010-11-19,758
21,2016-03-12,2016-03-17,1193
21,2009-11-02,2009-11-06,741
21,2016-10-26,2018-10-27,926
21,2013-02-01,2013-04-17,340
21,2019-02-09,2019-03-16,266
21,2017-11-11,2018-04-11,570
21,2014-03-05,2015-11-09,285
21,2015-10-28,2018-02-06,216
21,2011-12-26,2011-12-26,566
21,2016-03-11,2018-03-22,860
21,2018-02-24,2018-03-22,853
21,2019-01-25,2019-04-10,620
21,2016-04-03,2016-04-13,668
21,2019-02-09,2019-03-16,122
21,2016-11-06,2019-04-09,57
21,2016-02-19,2016-04-13,148
21,2013-01-23,2013-02-10,96
21,2014-01-07,2016-02-10,69
21,2018-12-08,2018-12-08,716
21,2011-12-26,2012-04-26,45
21,2014-02-05,2014-02-12,211
21,2010-02-09,2013-04-17,252
21,2009-10-28,2011-02-22,185
21,2019-02-09,2019-04-10,893
21,2013-03-03,2013-04-09,35
21,2016-10-26,2018-04-11,989
21,2017-10-18,2019-01-05,1035
21,2019-03-31,2019-04-03,1169
21,2013-02-01,2014-04-16,83
21,2016-01-08,2016-01-16,561
21,2018-10-17,2019-01-25,176
21,2012-03-22,2012-04-26,516
21,2010-10-30,2011-04-13,44
21,2009-10-28,2013-01-25,134
21,2009-10-28,2011-02-23,244
21,2011-03-04,2011-04-13,154
21,2017-10-28,2019-04-10,1025
21,2015-02-06,2019-02-03,625
21,2013-11-06,2014-04-11,572
21,2009-11-18,2010-04-10,402
21,2015-11-20,2018-02-07,612
21,2013-12-17,2014-04-13,290
21,2015-12-18,2018-04-04,956
21,2018-10-17,2019-02-13,1173
21,2014-11-17,2015-11-07,644
21,2011-02-11,2011-03-07,788
21,2015-01-14,2016-02-10,283
21,2011-12-26,2012-04-26,458
21,2012-10-31,2014-01-05,91
21,2018-12-15,2019-04-10,1163
21,2018-12-05,2019-03-23,322
21,2013-01-25,2015-04-13,355
21,2019-02-12,2019-03-31,132
21,2014-11-03,2015-11-02,670
21,2016-03-21,2016-04-13,536
21,2011-12-28,2012-02-06,532
21,2011-12-28,2013-01-16,238
21,2019-01-21,2019-04-10,1048
21,2019-01-05,2019-04-10,182
21,2014-11-19,2014-11-19,584
21,2013-04-03,2013-04-17,245
21,2017-11-29,2018-04-11,999
21,2013-10-30,2015-04-15,147
21,2018-10-17,2019-01-30,675
21,2016-02-21,2016-04-13,106
21,2011-03-12,2011-04-13,827
21,2010-01-12,2012-04-26,483
21,2018-03-28,2018-12-31,135
21,2009-10-28,2019-02-03,197
21,2009-10-28,2010-04-14,796
21,2015-11-13,2018-04-11,194
21,2018-03-30,2018-04-04,95
21,2012-01-06,2013-01-21,146
21,2015-10-28,2016-04-13,29
21,2009-10-28,2019-03-30,408
21,2013-10-30,2014-04-16,188
21,2018-01-20,2018-04-11,1221
21,2013-10-30,2015-04-15,573
21,2009-10-28,2012-04-26,118
21,2018-04-06,2018-04-11,1206
21,2018-10-19,2019-01-25,163
21,2016-02-19,2016-04-13,664
21,2011-12-26,2015-01-07,261
21,2016-03-12,2016-03-30,702
21,2011-02-26,2011-03-01,754
21,2010-02-19,2010-03-22,53
21,2009-10-28,2013-01-28,223
21,2015-02-11,2015-12-27,641
21,2015-12-29,2016-04-05,409
21,2009-10-28,2012-03-13,209
21,2014-01-05,2014-01-05,583
21,2011-02-26,2011-04-13,67
21,2018-10-17,2019-02-05,27
21,2009-10-28,2010-02-06,813
21,2013-02-01,2015-01-09,19
21,2016-12-05,2017-03-16,61
21,2010-10-27,2017-04-12,278
21,2012-11-07,2013-04-09,364
21,2009-10-28,2009-11-04,821
21,2016-10-29,2017-04-12,571
21,2016-10-29,2016-12-21,939
21,2019-02-13,2019-04-10,1023
21,2019-04-05,2019-04-10,18
21,2017-10-18,2018-03-22,139
21,2015-01-27,2015-01-29,431
21,2014-10-29,2017-04-12,439
21,2017-12-01,2017-12-20,1230
21,2016-10-26,2017-04-12,973
21,2012-10-31,2013-01-21,177
21,2017-03-18,2019-01-02,923
21,2010-10-27,2011-02-22,141
21,2016-03-17,2016-04-13,1201
21,2018-03-05,2018-03-12,1220
21,2018-10-27,2019-04-10,1176
21,2009-10-28,2017-04-12,43
22,2013-10-30,2015-04-03,50
22,2019-01-11,2019-04-10,943
22,2017-10-18,2019-03-13,658
22,2012-11-03,2014-04-16,186
22,2012-02-15,2012-02-22,477
22,2015-10-28,2016-02-06,111
22,2013-11-01,2014-11-13,224
22,2017-03-03,2017-04-12,334
22,2016-10-29,2017-01-05,656
22,2010-10-27,2012-04-26,378
22,2017-03-19,2017-04-12,651
22,2012-04-10,2012-04-26,522
22,2010-11-15,2011-04-13,529
22,2009-10-28,2010-01-05,507
22,2014-10-29,2017-02-15,634
22,2011-03-09,2011-04-13,216
22,2014-12-12,2014-12-30,654
22,2009-10-28,2017-04-10,404
22,2012-11-03,2013-04-17,418
22,2016-12-07,2019-04-10,870
22,2009-10-28,2010-04-14,280
22,2016-02-08,2017-02-13,970
22,2010-01-06,2010-04-14,442
22,2014-10-29,2015-04-15,591
22,2009-10-28,2010-04-14,69
22,2017-10-18,2019-04-10,972
22,2010-10-27,2013-01-21,457
22,2011-02-26,2011-04-13,545
22,2018-02-10,2018-04-11,45
22,2014-12-12,2015-04-13,211
22,2017-10-18,2019-04-07,185
22,2011-12-26,2012-04-26,181
22,2011-12-27,2012-04-06,476
22,2011-02-25,2015-04-15,258
22,2010-10-27,2011-02-16,152
22,2009-10-28,2011-02-16,415
22,2015-10-28,2016-04-13,109
22,2018-10-20,2019-04-10,1098
22,2015-03-27,2015-04-13,33
22,2018-10-17,2019-04-10,83
22,2009-10-30,2010-01-05,523
22,2012-02-28,2012-04-26,298
22,2012-03-17,2013-04-17,336
22,2016-10-26,2016-10-29,44
22,2016-03-19,2016-04-13,324
22,2016-10-26,2018-02-22,928
22,2017-10-29,2017-12-09,1231
22,2017-12-15,2018-04-03,883
22,2018-01-27,2018-04-11,1219
22,2018-10-17,2019-04-07,66
22,2017-10-20,2019-04-10,1071
22,2014-10-29,2016-01-02,207
22,2009-10-28,2010-04-09,740
22,2014-02-23,2014-04-16,164
22,2013-10-30,2014-02-13,203
22,2016-10-26,2017-10-18,368
22,2014-10-29,2015-04-13,492
22,2012-03-16,2012-03-24,519
22,2012-11-09,2013-04-17,268
22,2016-10-26,2019-04-07,585
22,2012-11-03,2016-02-23,428
22,2010-10-27,2010-11-10,759
22,2010-10-27,2012-04-26,166
22,2010-10-27,2012-03-24,536
22,2012-01-02,2012-04-26,563
22,2014-03-09,2014-12-10,621
22,2009-10-28,2010-04-14,757
22,2012-11-09,2012-12-28,372
22,2016-10-26,2017-04-12,686
22,2017-02-25,2017-04-12,611
22,2012-02-01,2013-04-17,464
22,2018-10-20,2019-01-11,202
22,2013-10-30,2015-02-10,127
22,2009-12-04,2010-04-10,245
22,2010-01-13,2013-04-17,297
22,2013-04-03,2013-04-15,71
22,2012-01-21,2012-01-31,502
22,2016-10-26,2017-02-13,6
22,2011-12-26,2013-04-17,135
22,2014-02-26,2014-04-16,17
22,2011-04-01,2011-04-10,755
22,2014-11-22,2016-04-13,616
22,2014-01-31,2014-04-16,95
22,2013-11-03,2015-04-15,601
22,2011-12-26,2012-01-25,534
22,2017-12-26,2018-04-11,1205
22,2012-11-05,2015-01-22,82
22,2019-01-25,2019-02-04,1106
22,2017-12-15,2018-04-11,597
22,2011-02-02,2011-02-06,836
22,2013-10-30,2014-04-15,319
22,2017-01-10,2018-04-11,117
22,2010-11-03,2011-03-25,760
22,2009-10-28,2009-12-28,816
22,2016-11-08,2017-04-12,8
22,2018-02-06,2018-02-06,918
22,2012-11-03,2014-02-07,2
22,2018-10-17,2019-04-10,1167
22,2015-10-28,2019-04-10,984
22,2010-12-17,2011-04-13,726
22,2016-02-29,2017-12-04,569
22,2009-10-31,2010-01-06,486
22,2014-10-29,2016-04-10,674
22,2018-10-24,2019-04-10,626
22,2015-10-28,2016-04-13,652
22,2013-10-30,2014-04-08,90
22,2011-12-26,2012-02-11,479
22,2011-12-26,2012-04-16,539
22,2016-12-10,2019-04-10,657
22,2010-10-27,2011-04-13,752
22,2011-03-04,2012-04-26,498
22,2019-02-27,2019-02-27,1172
22,2009-10-28,2010-12-12,257
22,2015-02-20,2016-03-31,313
22,2018-10-20,2019-04-10,1002
22,2015-10-28,2016-04-10,205
22,2017-10-18,2018-04-11,87
22,2009-12-04,2010-02-10,556
22,2012-11-07,2014-01-16,58
22,2010-10-27,2011-04-13,276
22,2009-11-04,2010-03-24,776
22,2018-10-17,2019-04-10,937
22,2016-10-26,2017-12-04,460
22,2010-11-03,2011-01-07,339
22,2017-10-27,2018-01-31,18
22,2012-11-05,2014-01-16,279
22,2015-10-28,2016-04-13,177
22,2015-12-04,2016-04-03,988
22,2009-10-28,2010-04-14,499
22,2016-11-09,2016-12-01,851
23,2016-10-28,2017-04-12,932
23,2018-03-22,2018-04-10,905
23,2014-10-28,2015-04-15,455
23,2010-11-26,2011-01-17,711
23,2015-02-22,2015-04-15,184
23,2016-10-26,2017-02-15,46
23,2013-02-24,2013-04-17,378
23,2017-11-17,2017-12-18,1211
23,2017-03-01,2017-03-07,965
23,2012-10-31,2015-04-15,36
23,2011-12-25,2014-12-17,216
23,2010-02-16,2012-04-26,28
23,2010-10-27,2012-04-26,520
23,2010-02-16,2011-01-01,419
23,2014-10-28,2016-03-18,57
23,2014-10-30,2016-04-13,175
23,2012-12-23,2013-01-02,280
23,2012-11-03,2013-04-17,335
23,2013-03-15,2013-03-20,422
23,2011-03-04,2011-04-13,329
23,2019-02-08,2019-04-10,69
23,2012-10-30,2013-02-20,62
23,2012-10-30,2013-04-17,156
23,2018-10-26,2019-04-07,1020
23,2016-02-24,2016-04-13,351
23,2018-10-17,2019-01-30,153
23,2017-04-12,2017-04-12,64
23,2013-10-30,2014-04-16,316
23,2010-02-16,2011-04-13,181
23,2011-12-25,2012-04-26,475
23,2017-10-18,2019-01-30,998
23,2012-12-01,2012-12-18,4
23,2015-10-28,2017-02-15,258
23,2014-01-18,2019-04-10,415
23,2009-10-27,2019-04-10,259
23,2010-10-27,2013-03-03,174
23,2016-10-26,2019-04-10,850
23,2018-02-10,2018-04-08,691
23,2009-10-27,2010-02-09,16
23,2014-12-23,2019-04-10,600
23,2012-10-30,2012-10-31,426
23,2010-01-30,2010-04-14,523
23,2012-10-30,2013-04-17,295
23,2009-10-27,2010-04-14,503
23,2013-10-30,2014-03-11,688
23,2017-10-20,2017-11-12,1234
23,2014-10-28,2015-04-13,56
23,2016-10-26,2019-02-06,315
23,2010-10-27,2012-04-26,308
23,2009-10-27,2019-01-11,123
23,2015-11-22,2016-04-10,427
23,2012-10-30,2014-12-17,227
23,2018-10-17,2019-04-10,1053
23,2018-01-22,2018-04-10,1130
23,2018-03-11,2018-03-16,1213
23,2014-10-28,2014-12-17,444
23,2009-10-30,2010-02-09,565
23,2012-10-31,2013-01-07,453
23,2017-03-10,2017-04-12,944
23,2009-10-27,2012-04-20,124
23,2009-10-27,2012-04-26,203
23,2017-10-21,2017-12-14,708
23,2015-10-28,2016-02-21,456
23,2015-10-28,2016-02-01,303
23,2017-12-14,2018-04-10,1005
23,2016-11-18,2016-12-26,889
23,2013-10-30,2014-04-16,226
23,2013-04-10,2013-04-17,160
23,2009-11-07,2010-02-09,459
23,2018-01-09,2018-01-22,307
23,2015-10-28,2017-02-15,861
23,2013-03-28,2013-04-02,78
23,2019-02-08,2019-04-10,1154
23,2012-04-20,2012-04-26,515
23,2019-03-20,2019-03-23,1148
23,2009-10-27,2010-01-05,297
23,2017-12-20,2018-04-10,1225
23,2011-12-25,2012-04-07,386
23,2018-10-17,2019-04-09,1164
23,2017-03-10,2017-03-21,560
23,2009-10-30,2010-04-12,213
23,2017-10-21,2019-04-09,1065
23,2013-01-09,2013-04-17,326
23,2013-10-30,2015-04-15,383
23,2017-02-25,2018-04-01,613
23,2016-10-26,2017-04-12,927
23,2012-10-30,2013-04-17,118
23,2011-02-07,2011-04-11,814
23,2016-12-27,2017-01-26,888
23,2016-10-26,2016-11-14,117
23,2017-02-27,2017-03-07,856
23,2009-10-27,2010-02-09,760
23,2014-12-20,2015-04-15,421
23,2018-10-17,2018-10-17,1073
23,2014-12-28,2016-04-13,115
23,2014-10-28,2015-04-15,20
23,2013-11-01,2015-02-09,590
23,2009-10-30,2013-03-17,440
23,2018-10-17,2019-04-10,1003
23,2015-10-28,2019-04-10,945
23,2013-10-30,2014-04-16,264
23,2011-01-12,2011-01-29,237
23,2018-03-04,2018-03-04,712
23,2011-12-26,2012-03-19,486
23,2016-10-26,2017-03-31,583
23,2013-11-18,2014-04-12,652
23,2009-10-27,2014-04-16,25
23,2010-11-10,2011-01-01,100
23,2019-02-06,2019-03-20,673
23,2009-11-18,2010-01-24,794
23,2019-02-06,2019-04-10,710
23,2012-11-03,2012-11-28,339
23,2010-10-27,2015-04-15,301
23,2011-12-25,2014-04-16,439
23,2013-10-30,2014-04-10,177
23,2015-10-28,2019-01-30,142
23,2012-01-10,2012-04-26,499
23,2017-01-29,2018-04-10,851
23,2015-10-28,2016-04-13,406
24,2015-10-30,2016-04-12,184
24,2014-11-01,2015-01-03,669
24,2017-10-18,2019-04-10,1159
24,2015-11-12,2016-02-22,285
24,2016-04-10,2016-04-10,860
24,2009-10-28,2011-02-22,746
24,2013-01-25,2016-01-13,148
24,2010-10-26,2016-02-09,407
24,2009-10-28,2010-03-31,144
24,2014-11-17,2015-02-11,435
24,2014-03-03,2014-03-03,64
24,2018-01-05,2019-04-10,977
24,2017-11-06,2018-04-04,1229
24,2016-11-07,2017-02-04,274
24,2011-04-01,2012-12-22,35
24,2016-10-26,2019-04-10,199
24,2009-10-28,2010-04-14,167
24,2018-10-24,2019-04-10,1170
24,2009-10-28,2019-04-10,353
24,2010-10-26,2011-04-13,742
24,2012-01-19,2012-04-26,426
24,2019-02-23,2019-02-23,1046
24,2010-11-27,2011-04-06,503
24,2015-10-28,2016-04-13,298
24,2015-02-21,2019-04-10,168
24,2014-01-15,2014-04-16,719
24,2014-12-01,2019-04-09,480
24,2015-02-23,2015-04-15,557
24,2009-11-14,2011-04-13,473
24,2014-10-29,2015-11-08,612
24,2016-10-26,2019-04-10,290
24,2009-10-28,2014-04-16,414
24,2016-01-20,2016-02-09,644
24,2013-01-12,2013-04-17,169
24,2009-10-28,2010-04-11,376
24,2010-10-27,2010-11-20,268
24,2016-02-28,2016-04-13,428
24,2009-10-28,2014-01-07,74
24,2017-10-21,2018-04-04,885
24,2012-11-02,2013-01-12,432
24,2014-11-01,2016-12-23,307
24,2015-11-05,2019-04-03,986
24,2014-03-28,2015-02-11,686
24,2015-10-28,2019-04-10,896
24,2010-10-27,2013-04-17,292
24,2017-10-18,2019-04-10,685
24,2010-10-26,2014-04-12,137
24,2016-10-26,2018-04-06,288
24,2014-10-29,2016-04-13,15
24,2009-10-28,2015-11-08,194
24,2017-12-23,2017-12-29,1207
24,2009-10-28,2015-04-15,76
24,2011-12-25,2012-02-14,508
24,2011-03-03,2011-04-13,478
24,2010-12-20,2013-04-17,188
24,2011-12-25,2015-02-11,438
24,2017-01-19,2017-11-06,981
24,2009-10-28,2010-04-14,192
24,2010-01-08,2010-03-02,816
24,2012-10-30,2014-04-14,357
24,2012-10-30,2014-04-16,239
24,2016-10-26,2019-04-07,858
24,2013-10-30,2014-01-26,410
24,2012-03-23,2012-04-26,433
24,2019-02-11,2019-04-09,382
24,2014-10-29,2015-03-25,626
24,2011-12-25,2014-04-16,67
24,2014-11-02,2014-11-23,210
24,2009-11-18,2010-04-14,304
24,2014-10-29,2015-02-01,479
24,2011-12-25,2012-12-29,250
24,2014-01-29,2014-04-16,61
24,2015-01-14,2019-02-05,689
24,2009-10-28,2019-04-10,309
24,2016-11-28,2019-02-01,177
24,2016-10-26,2017-04-12,988
24,2009-10-30,2010-04-14,815
24,2019-04-09,2019-04-10,1084
24,2015-02-23,2015-04-15,628
24,2010-10-26,2011-04-13,805
25,2014-10-29,2016-04-13,243
25,2009-11-26,2010-01-18,253
25,2010-02-20,2010-03-30,758
25,2017-02-28,2017-04-12,378
25,2017-10-19,2019-04-10,1140
25,2015-11-03,2019-02-02,913
25,2009-10-29,2010-04-14,481
25,2019-01-30,2019-04-10,1039
25,2010-10-27,2012-04-26,500
25,2010-10-27,2012-04-26,418
25,2014-10-29,2016-03-02,699
25,2017-02-25,2019-01-02,857
25,2010-12-01,2014-04-16,398
25,2014-01-11,2014-01-27,47
25,2018-10-18,2019-01-25,1024
25,2010-02-06,2010-04-11,785
25,2015-11-09,2019-04-10,971
25,2013-12-13,2014-04-16,366
25,2013-01-07,2013-04-17,144
25,2017-10-19,2018-04-11,994
25,2016-10-29,2018-04-01,852
25,2009-10-29,2016-04-09,482
25,2010-02-02,2010-03-27,756
25,2014-10-29,2017-02-16,691
25,2016-10-27,2017-04-12,353
25,2014-10-29,2016-04-03,215
25,2013-11-06,2014-03-24,729
25,2010-02-19,2010-04-14,769
25,2010-02-19,2010-04-13,193
25,2016-10-27,2017-04-10,598
25,2019-04-01,2019-04-09,639
25,2018-10-18,2019-01-30,690
25,2009-10-30,2011-02-15,290
25,2009-10-29,2010-04-14,236
25,2018-03-05,2018-03-05,985
25,2014-02-21,2014-02-21,169
25,2016-11-02,2018-04-11,919
25,2014-03-02,2014-04-14,41
25,2012-01-01,2017-04-12,195
25,2009-10-29,2016-01-15,322
25,2010-03-01,2010-03-27,762
25,2017-02-25,2017-04-12,660
25,2010-11-26,2012-04-26,447
25,2009-10-29,2010-02-16,34
25,2016-02-24,2019-01-02,182
25,2017-10-19,2017-12-11,862
25,2010-10-27,2011-04-13,464
25,2009-10-29,2016-02-10,86
25,2017-10-28,2019-03-23,975
25,2010-10-27,2011-04-13,360
25,2010-10-27,2012-04-25,384
25,2017-10-19,2019-03-26,1009
25,2009-10-30,2010-01-11,784
25,2013-03-06,2014-04-14,55
25,2009-10-29,2014-01-04,15
25,2013-03-27,2013-04-15,79
25,2012-10-31,2013-04-17,254
25,2012-11-02,2013-12-25,95
25,2016-10-27,2017-04-12,580
25,2013-10-29,2016-04-11,180
25,2012-01-11,2014-01-27,326
25,2012-10-31,2013-04-17,272
25,2012-10-31,2015-04-15,24
25,2014-10-29,2018-01-28,622
25,2018-02-14,2018-04-03,574
25,2010-10-27,2018-04-11,133
25,2019-02-08,2019-03-17,593
25,2014-10-29,2016-04-09,377
25,2016-10-29,2018-03-24,936
25,2017-10-19,2018-01-31,261
25,2016-11-15,2016-12-03,934
25,2016-10-27,2017-04-12,421
25,2011-03-11,2011-04-13,542
25,2018-12-17,2019-04-10,1119
25,2011-12-25,2013-04-17,400
25,2016-10-27,2019-04-10,5
25,2010-10-27,2014-04-14,53
25,2017-10-19,2019-04-10,1097
25,2018-03-27,2018-04-11,569
25,2018-10-26,2019-04-10,1074
25,2009-10-29,2017-02-16,129
25,2019-02-06,2019-04-10,949
25,2013-10-29,2016-04-13,623
25,2014-02-01,2014-04-05,58
25,2018-10-18,2018-10-18,884
25,2009-10-29,2010-02-17,431
25,2012-11-02,2013-04-09,206
25,2019-03-30,2019-04-10,1027
25,2019-01-06,2019-04-10,923
25,2018-10-18,2019-01-15,1090
25,2018-01-13,2019-03-18,655
26,2014-02-21,2014-04-16,243
26,2010-10-27,2012-04-25,395
26,2014-10-29,2017-01-05,59
26,2012-10-31,2013-04-17,235
26,2011-12-26,2013-12-30,101
26,2009-10-28,2011-02-09,514
26,2012-11-09,2014-04-16,293
26,2009-10-28,2015-02-10,191
26,2016-03-04,2016-04-13,909
26,2018-12-18,2019-02-04,1058
26,2009-10-28,2011-02-16,77
26,2009-10-28,2011-02-16,158
26,2009-10-28,2012-03-25,148
26,2011-12-26,2013-04-17,329
26,2016-02-19,2016-04-13,366
26,2011-02-24,2017-04-09,394
26,2013-10-30,2018-03-21,252
26,2011-12-28,2012-02-02,185
26,2018-10-23,2018-12-14,1017
26,2018-02-10,2018-04-11,415
26,2015-10-28,2018-02-05,974
26,2014-11-07,2015-11-01,617
26,2012-10-31,2014-04-16,310
26,2010-10-27,2011-04-13,493
26,2014-11-14,2019-04-10,672
26,2015-04-01,2015-04-15,610
26,2019-02-13,2019-04-07,187
26,2013-10-30,2016-02-05,305
26,2009-11-10,2011-04-13,189
26,2016-02-23,2016-04-13,639
26,2012-03-21,2015-02-10,427
26,2015-04-12,2015-04-15,572
26,2016-10-26,2019-04-10,872
26,2015-01-16,2017-04-05,444
26,2014-02-21,2014-04-16,370
26,2016-11-08,2016-11-10,644
26,2019-01-25,2019-04-09,1075
26,2009-10-28,2010-04-08,743
26,2015-02-22,2016-04-10,660
26,2009-11-04,2010-04-13,166
26,2017-02-01,2017-02-15,665
26,2012-01-25,2014-02-18,393
26,2016-10-26,2017-04-12,992
26,2017-10-18,2019-04-09,1150
26,2012-01-11,2013-03-25,270
26,2014-10-29,2017-02-10,589
26,2011-12-28,2018-02-01,202
26,2009-10-28,2011-04-11,233
26,2011-03-02,2013-04-17,147
26,2015-11-05,2016-01-06,698
26,2009-10-29,2010-04-13,830
26,2016-11-05,2019-04-10,865
26,2017-02-15,2019-04-10,601
26,2010-10-27,2011-04-13,732
26,2015-10-28,2017-04-12,188
26,2017-12-12,2019-04-10,1004
26,2013-10-30,2015-01-09,272
26,2009-10-28,2012-03-13,54
26,2018-12-14,2018-12-22,369
26,2015-10-28,2019-04-10,854
26,2017-10-18,2019-04-10,385
26,2012-12-16,2014-04-16,255
26,2013-10-30,2016-02-10,8
26,2011-02-24,2011-04-11,115
26,2009-11-03,2011-01-15,469
26,2017-10-29,2018-03-21,20
26,2017-02-28,2017-04-09,161
26,2011-12-26,2012-03-19,564
26,2016-01-15,2016-02-01,569
26,2010-10-27,2011-02-05,539
26,2018-10-17,2019-03-12,1115
26,2011-03-02,2015-01-05,87
26,2017-11-28,2019-04-10,997
26,2017-10-18,2019-04-07,897
26,2009-10-28,2015-04-15,30
26,2017-11-20,2019-04-07,1155
26,2015-02-22,2019-04-10,327
26,2011-02-24,2018-04-11,63
27,2009-10-30,2010-04-14,807
27,2017-10-19,2019-04-09,1089
27,2018-04-10,2019-03-19,1103
27,2017-10-19,2018-01-01,46
27,2009-10-27,2012-04-22,490
27,2011-12-25,2013-04-17,99
27,2012-10-30,2013-04-17,140
27,2015-10-30,2016-03-04,868
27,2015-10-28,2016-03-30,296
27,2016-10-26,2019-03-02,948
27,2017-10-19,2018-04-11,404
27,2014-10-28,2015-04-15,398
27,2018-02-14,2018-04-10,567
27,2012-10-31,2013-04-14,136
27,2013-10-29,2014-04-01,335
27,2012-04-26,2012-04-26,488
27,2017-02-24,2018-02-24,329
27,2015-10-28,2017-04-09,972
27,2009-10-27,2010-04-14,744
27,2012-11-09,2012-11-24,105
27,2012-01-11,2013-04-17,211
27,2017-02-28,2017-04-12,994
27,2009-10-27,2012-03-14,4
27,2010-10-26,2011-04-13,846
27,2018-03-11,2018-03-14,274
27,2010-10-31,2013-03-18,417
27,2015-04-03,2015-04-12,700
27,2012-10-30,2013-04-17,436
27,2012-11-04,2013-04-17,33
27,2014-10-28,2015-04-15,83
27,2013-10-30,2013-11-12,718
27,2018-01-15,2018-04-11,900
27,2018-12-07,2019-04-09,1128
27,2018-02-10,2018-03-22,187
27,2016-11-02,2019-02-05,899
27,2018-10-18,2019-04-09,427
27,2015-03-12,2015-04-15,605
27,2011-12-27,2012-03-14,505
27,2019-03-31,2019-04-09,1056
27,2014-10-28,2015-04-07,368
27,2012-10-30,2014-04-16,190
27,2011-01-02,2011-04-13,759
27,2018-10-22,2019-04-09,1181
27,2014-10-28,2018-02-06,588
27,2009-10-27,2014-04-16,536
27,2012-03-20,2015-04-15,347
27,2016-10-30,2017-02-08,226
27,2017-10-20,2019-03-19,1157
27,2011-12-25,2012-04-26,307
27,2009-10-27,2010-04-14,721
27,2014-10-28,2018-04-11,632
27,2013-12-21,2014-04-16,157
27,2014-02-21,2014-04-06,381
27,2017-10-22,2019-04-09,594
27,2009-10-27,2016-04-13,281
27,2017-10-19,2019-03-29,1124
27,2009-10-27,2011-04-13,386
27,2018-10-18,2019-04-04,106
27,2015-11-06,2018-02-06,993
27,2018-10-18,2019-03-29,137
27,2017-10-19,2019-01-19,1099
27,2015-10-28,2017-02-15,365
27,2009-10-27,2012-02-29,251
27,2016-10-26,2017-10-19,15
27,2014-01-17,2014-02-04,560
27,2014-02-21,2014-04-16,135
27,2015-10-28,2017-02-15,915
27,2010-10-26,2012-04-22,29
27,2009-10-27,2017-04-12,39
27,2018-10-18,2019-02-05,76
27,2019-02-10,2019-04-09,619
27,2018-11-17,2019-04-09,1029
27,2013-10-29,2017-03-17,369
27,2018-01-21,2018-01-28,1212
27,2009-11-19,2014-04-01,377
27,2018-10-18,2019-04-05,421
27,2012-03-16,2012-04-26,396
27,2019-02-10,2019-04-02,694
27,2012-10-31,2016-04-11,246
27,2014-10-28,2015-02-22,38
27,2015-10-28,2016-04-13,161
27,2013-11-05,2016-04-13,677
27,2009-10-27,2010-12-12,726
27,2019-03-24,2019-03-29,374
27,2009-10-27,2011-04-13,210
27,2013-10-29,2014-02-13,479
27,2010-10-26,2014-02-13,10
27,2012-10-30,2014-04-08,179
27,2018-10-22,2019-02-05,1076
27,2015-01-07,2017-04-12,680
27,2010-10-26,2011-04-12,767
27,2017-12-23,2018-04-11,1083
27,2016-10-28,2017-04-12,205
27,2016-10-26,2017-03-05,87
27,2018-03-03,2018-04-11,582
27,2011-04-13,2011-04-13,543
27,2011-12-25,2012-04-26,339
27,2017-02-26,2018-04-11,587
27,2018-11-07,2019-03-24,301
27,2015-04-13,2018-01-01,579
27,2014-10-29,2015-04-01,177
27,2013-10-29,2015-04-12,314
27,2013-10-29,2014-11-21,141
28,2014-12-04,2015-01-05,200
28,2018-11-30,2019-02-05,345
28,2014-11-04,2015-01-04,709
28,2010-12-29,2014-04-16,59
28,2009-10-27,2016-02-10,437
28,2017-03-06,2017-03-06,46
28,2013-10-30,2013-12-26,490
28,2018-11-10,2018-11-30,926
28,2010-02-19,2012-04-26,140
28,2017-10-21,2019-04-09,1007
28,2013-10-30,2014-04-16,656
28,2009-10-27,2012-04-26,471
28,2014-02-28,2014-03-04,650
28,2011-03-04,2011-04-11,544
28,2012-02-11,2012-02-17,529
28,2019-02-09,2019-04-09,390
28,2014-11-04,2015-04-15,28
28,2012-10-30,2014-03-18,122
28,2019-01-08,2019-01-23,857
28,2013-11-22,2014-04-16,736
28,2017-10-20,2019-04-09,1050
28,2010-01-23,2010-02-02,793
28,2016-02-22,2019-04-09,567
28,2016-10-25,2016-12-14,148
28,2013-03-22,2013-04-14,442
28,2011-01-02,2012-02-17,488
28,2009-10-30,2009-12-06,781
28,2018-10-17,2019-04-09,1016
28,2012-04-25,2012-04-26,526
28,2016-04-13,2017-04-12,62
28,2009-10-27,2013-04-14,75
28,2009-11-12,2010-04-11,354
28,2009-10-30,2010-03-21,802
28,2018-10-17,2019-04-09,994
28,2016-10-25,2017-04-07,64
28,2009-10-31,2010-04-14,475
28,2019-01-19,2019-04-09,1149
28,2017-03-01,2017-04-12,258
28,2017-10-17,2018-02-07,482
28,2017-02-09,2017-04-12,274
28,2012-10-30,2015-01-04,199
28,2012-03-18,2012-12-19,109
28,2017-10-17,2018-02-06,353
28,2013-10-30,2014-02-18,33
28,2017-04-12,2017-04-12,869
28,2018-02-11,2018-12-05,349
28,2013-11-02,2014-02-19,324
28,2015-01-23,2018-01-23,196
28,2018-01-02,2018-02-07,187
28,2009-10-27,2011-04-13,305
28,2015-01-07,2018-11-19,189
28,2017-10-17,2018-02-07,227
28,2018-12-03,2019-01-11,1130
28,2009-10-27,2011-02-23,484
28,2014-11-04,2017-04-12,414
28,2015-10-27,2016-02-10,453
28,2018-12-05,2019-02-09,1014
28,2013-10-30,2014-04-16,207
28,2009-10-31,2010-12-26,806
28,2017-10-17,2018-04-11,283
28,2012-11-11,2013-01-19,458
28,2014-10-31,2015-11-23,585
28,2010-10-29,2011-04-13,743
28,2017-11-20,2018-10-17,1138
28,2012-11-02,2013-01-19,355
28,2018-02-11,2019-04-09,588
28,2016-02-28,2017-02-23,916
28,2017-10-20,2018-04-11,226
28,2016-10-29,2017-04-10,862
28,2015-02-24,2018-04-11,31
28,2012-12-07,2013-04-17,37
28,2014-10-30,2019-04-07,312
28,2019-02-02,2019-02-02,999
28,2017-01-10,2018-11-26,384
28,2011-12-26,2017-04-09,451
28,2018-02-11,2019-04-09,993
28,2017-03-14,2017-04-10,234
28,2009-10-27,2018-04-11,137
28,2010-02-25,2011-01-05,827
28,2012-03-30,2012-04-18,483
28,2017-12-12,2018-04-11,1208
28,2014-11-15,2015-01-04,55
28,2011-03-02,2012-04-26,546
28,2012-03-23,2013-04-05,251
28,2014-01-10,2014-04-09,15
28,2010-10-29,2012-04-26,560
28,2019-02-08,2019-04-09,983
28,2013-01-25,2013-04-17,146
28,2013-11-02,2019-03-06,581
28,2016-10-25,2016-12-29,180
28,2014-10-30,2015-04-15,188
28,2009-10-27,2016-04-06,434
28,2012-01-04,2012-02-04,548
28,2019-02-11,2019-04-09,597
28,2011-12-26,2013-04-17,163
28,2019-01-02,2019-01-05,920
28,2010-10-27,2012-03-14,396
28,2015-10-27,2017-04-12,20
28,2018-02-11,2019-02-02,638
28,2010-10-27,2012-03-14,409
28,2018-10-17,2018-11-05,859
28,2010-10-29,2012-12-21,22
28,2015-10-28,2016-04-13,1192
28,2014-04-02,2014-04-09,712
28,2010-04-08,2010-04-14,448
28,2011-03-06,2012-04-11,537
28,2013-11-02,2014-04-09,674
28,2014-03-22,2014-03-22,583
28,2014-03-16,2014-03-20,727
28,2009-10-27,2010-02-25,774
28,2013-01-02,2013-04-17,90
28,2014-10-30,2015-04-15,25
28,2014-02-21,2014-04-16,299
28,2015-01-09,2016-04-13,87
28,2011-12-26,2019-04-05,143
28,2012-10-30,2014-04-16,18
28,2013-01-25,2013-04-17,177
28,2014-11-07,2014-11-29,706
28,2009-10-27,2010-04-14,805
29,2018-10-28,2019-04-10,1145
29,2016-10-26,2019-02-01,879
29,2013-11-01,2018-01-27,679
29,2014-11-11,2017-02-15,378
29,2010-03-03,2010-03-03,798
29,2009-12-28,2011-04-13,343
29,2015-11-01,2017-02-15,857
29,2017-10-19,2018-04-11,77
29,2014-03-04,2014-04-16,419
29,2010-10-31,2012-04-24,401
29,2018-03-03,2018-04-11,329
29,2015-02-21,2016-01-29,366
29,2009-11-06,2011-02-15,149
29,2010-10-27,2012-04-25,144
29,2017-10-19,2018-04-11,1226
29,2017-11-15,2018-04-11,1021
29,2012-11-11,2013-04-17,155
29,2012-11-06,2013-04-17,64
29,2018-10-16,2019-04-10,653
29,2018-10-19,2019-04-10,1166
29,2012-03-21,2014-04-16,4
29,2015-01-07,2016-04-12,199
29,2016-10-26,2017-04-12,961
29,2019-02-07,2019-03-11,1180
29,2017-02-24,2017-04-07,691
29,2015-02-21,2017-04-12,465
29,2009-12-23,2013-02-10,85
29,2016-10-26,2016-10-30,275
29,2009-10-28,2010-04-14,764
29,2014-11-28,2015-01-26,648
29,2018-10-16,2019-04-05,1026
29,2012-11-01,2014-04-11,244
29,2014-11-07,2015-02-11,154
29,2009-10-28,2012-04-22,359
29,2019-04-10,2019-04-10,1066
29,2009-10-28,2011-02-23,283
29,2016-11-02,2019-04-10,696
29,2012-11-02,2015-04-15,225
29,2016-10-28,2017-02-15,660
29,2016-03-24,2018-04-11,980
29,2011-03-14,2015-02-11,31
29,2009-10-28,2016-04-11,443
29,2012-11-01,2013-04-11,425
29,2009-10-28,2010-04-11,747
29,2015-02-21,2018-02-24,26
29,2009-11-18,2010-03-30,811
29,2014-10-29,2014-12-28,88
29,2011-12-31,2012-04-25,348
29,2019-02-22,2019-04-10,362
29,2009-11-27,2009-12-04,831
29,2014-12-14,2016-03-18,667
29,2010-11-14,2010-12-12,829
29,2014-03-16,2014-03-24,715
29,2011-03-02,2011-04-13,272
29,2011-03-02,2016-04-05,24
29,2009-10-28,2011-02-23,787
29,2018-10-16,2019-04-10,613
29,2009-10-28,2018-04-11,198
29,2017-03-02,2017-04-12,438
29,2018-02-08,2018-02-11,1013
29,2017-10-19,2019-04-07,342
29,2017-10-19,2019-04-09,463
29,2012-11-02,2015-04-10,80
29,2016-02-21,2016-04-12,8
29,2017-10-19,2019-04-10,115
29,2011-12-31,2015-02-11,337
29,2014-03-13,2014-03-30,375
29,2013-02-27,2013-04-17,53
29,2010-11-15,2014-01-24,229
29,2009-10-28,2019-04-10,387
29,2009-11-22,2009-11-22,826
29,2013-11-01,2013-12-29,559
29,2012-02-14,2012-03-10,494
29,2014-10-29,2014-11-26,448
29,2016-10-26,2017-04-12,906
29,2009-10-30,2016-04-11,446
29,2009-11-06,2009-12-19,90
29,2015-02-22,2016-02-11,100
29,2013-10-30,2019-04-10,603
29,2017-02-24,2017-04-12,129
29,2017-10-19,2019-04-10,1052
29,2009-10-28,2014-04-16,300
29,2018-10-28,2019-01-21,949
29,2018-11-28,2018-11-28,1051
29,2016-10-26,2017-04-12,640
30,2014-12-26,2015-01-14,659
30,2009-10-28,2016-04-13,267
30,2018-10-17,2019-04-10,596
30,2018-10-17,2019-03-06,880
30,2018-02-14,2018-04-04,1232
30,2012-11-04,2013-02-13,378
30,2012-11-02,2013-04-17,450
30,2018-04-04,2018-04-10,1211
30,2015-03-18,2015-04-15,340
30,2019-03-03,2019-03-19,1028
30,2013-10-30,2014-04-16,47
30,2013-02-22,2013-04-17,62
30,2010-12-04,2011-04-13,333
30,2018-03-13,2018-04-10,1187
30,2018-11-15,2019-02-01,1021
30,2016-10-27,2019-04-10,947
30,2013-10-30,2015-04-15,185
30,2012-11-02,2013-04-17,181
30,2013-10-30,2018-03-23,653
30,2012-11-02,2013-04-16,415
30,2017-10-18,2019-03-29,671
30,2014-02-25,2014-02-26,35
30,2019-03-19,2019-04-10,989
30,2012-01-11,2012-01-21,109
30,2016-10-27,2017-04-11,436
30,2015-10-29,2016-10-29,869
30,2013-10-30,2015-04-15,295
30,2012-02-10,2012-04-26,503
30,2017-02-24,2018-02-13,275
30,2010-11-08,2011-04-13,764
30,2017-01-18,2017-01-20,159
30,2013-11-15,2014-02-18,212
30,2011-02-25,2011-04-09,730
30,2019-04-02,2019-04-10,1105
30,2017-10-22,2018-04-10,959
30,2011-12-27,2013-04-17,284
30,2009-10-28,2011-04-13,338
30,2014-01-16,2014-01-31,714
30,2011-12-27,2013-02-05,236
30,2013-11-07,2014-01-31,453
30,2009-11-06,2012-04-26,164
30,2018-10-17,2019-04-10,1110
30,2018-02-28,2018-03-11,1061
30,2009-10-28,2016-04-13,248
30,2018-04-04,2018-04-04,456
30,2018-10-17,2019-02-10,368
30,2013-03-04,2013-03-04,42
30,2011-12-27,2012-04-26,268
30,2009-10-28,2012-04-26,428
30,2009-10-28,2010-04-14,759
30,2012-11-14,2013-04-17,166
30,2017-10-18,2019-04-10,1022
30,2012-11-11,2015-04-15,303
30,2010-10-27,2011-02-08,107
30,2019-02-27,2019-02-27,1111
30,2017-03-08,2017-04-12,226
30,2017-10-18,2018-04-04,1215
30,2010-10-27,2011-04-13,721
30,2009-10-28,2013-04-16,222
30,2018-11-19,2019-04-10,861
30,2015-10-29,2016-02-10,182
30,2014-10-29,2019-04-10,381
30,2018-10-17,2019-04-10,1141
30,2011-02-25,2016-04-13,86
30,2016-03-04,2017-04-12,297
30,2012-11-02,2017-01-04,384
30,2015-10-27,2017-02-24,876
30,2012-11-02,2014-04-16,365
30,2017-10-18,2018-02-06,288
30,2016-10-27,2018-03-04,864
30,2017-10-18,2018-02-04,254
30,2010-01-13,2010-04-14,755
30,2009-10-28,2012-04-26,430
30,2009-10-28,2011-02-22,531
30,2009-10-28,2011-02-22,478
30,2017-01-13,2017-04-12,180
30,2014-03-02,2018-04-10,619
30,2012-11-11,2017-02-15,92
30,2017-11-25,2018-12-31,145
30,2017-10-20,2017-11-10,927
30,2018-10-17,2019-03-01,1177
30,2009-12-11,2009-12-26,773
30,2011-04-08,2011-04-13,835
30,2013-10-30,2017-04-11,385
30,2013-10-30,2015-04-15,636
30,2009-11-06,2010-04-14,768
30,2016-11-05,2017-04-12,677
30,2013-03-06,2016-02-10,27
30,2016-10-27,2019-04-10,953
30,2014-10-29,2017-04-12,300
30,2015-10-27,2016-01-31,287
30,2015-11-24,2017-04-11,673
30,2011-12-27,2012-04-26,558
30,2018-10-17,2019-04-10,1086
30,2017-11-05,2018-04-04,1040
30,2017-10-20,2019-02-01,1023
30,2019-03-09,2019-03-13,18
30,2018-10-17,2019-04-10,439
30,2011-12-27,2012-04-26,206
30,2011-12-27,2012-04-26,424
30,2009-10-28,2013-03-03,406
